<?xml version="1.0" encoding="UTF-8"?>
<gmd:MD_Metadata xsi:schemaLocation="http://www.isotc211.org/2005/gmd http://schemas.opengis.net/iso/19139/20060504/gmd/gmd.xsd" xmlns:gmd="http://www.isotc211.org/2005/gmd" xmlns:xsi="http://www.w3.org/2001/XMLSchema-instance"><gmd:fileIdentifier><gco:CharacterString xmlns:gco="http://www.isotc211.org/2005/gco">1011603538</gco:CharacterString></gmd:fileIdentifier><gmd:language><gco:CharacterString xmlns:gco="http://www.isotc211.org/2005/gco">eng; CAN</gco:CharacterString></gmd:language><gmd:characterSet><gmd:MD_CharacterSetCode codeList="http://www.isotc211.org/2005/resources/Codelist/gmxCodelists.xml#MD_CharacterSetCode" codeListValue="utf8" codeSpace="004">utf8</gmd:MD_CharacterSetCode></gmd:characterSet><gmd:hierarchyLevel><gmd:MD_ScopeCode codeList="http://www.isotc211.org/2005/resources/Codelist/gmxCodelists.xml#MD_ScopeCode" codeListValue="MD_ScopeCode_series" codeSpace="005">MD_ScopeCode_series</gmd:MD_ScopeCode></gmd:hierarchyLevel><gmd:identificationInfo><gmd:MD_DataIdentification><gmd:citation><gmd:CI_Citation><gmd:title><gco:CharacterString xmlns:gco="http://www.isotc211.org/2005/gco">School Board Boundaries</gco:CharacterString></gmd:title><gmd:date><gmd:CI_Date><gmd:date><gco:Date xmlns:gco="http://www.isotc211.org/2005/gco">2016-01-01</gco:Date></gmd:date><gmd:dateType><gmd:CI_DateTypeCode codeList="http://www.isotc211.org/2005/resources/Codelist/gmxCodelists.xml#CI_DateTypeCode" codeListValue="publication" codeSpace="002">publication</gmd:CI_DateTypeCode></gmd:dateType></gmd:CI_Date></gmd:date><gmd:date><gmd:CI_Date><gmd:date><gco:Date xmlns:gco="http://www.isotc211.org/2005/gco">2017-09-01</gco:Date></gmd:date><gmd:dateType><gmd:CI_DateTypeCode codeList="http://www.isotc211.org/2005/resources/Codelist/gmxCodelists.xml#CI_DateTypeCode" codeListValue="revision" codeSpace="002">revision</gmd:CI_DateTypeCode></gmd:dateType></gmd:CI_Date></gmd:date><gmd:edition><gco:CharacterString xmlns:gco="http://www.isotc211.org/2005/gco"/></gmd:edition><gmd:citedResponsibleParty><gmd:CI_ResponsibleParty><gmd:organisationName><gco:CharacterString xmlns:gco="http://www.isotc211.org/2005/gco">Capital Policy &amp; Programs, Ministry of Education</gco:CharacterString></gmd:organisationName><gmd:contactInfo><gmd:CI_Contact><gmd:address><gmd:CI_Address><gmd:city><gco:CharacterString xmlns:gco="http://www.isotc211.org/2005/gco">Toronto</gco:CharacterString></gmd:city><gmd:administrativeArea><gco:CharacterString xmlns:gco="http://www.isotc211.org/2005/gco">Ontario</gco:CharacterString></gmd:administrativeArea><gmd:country><gco:CharacterString xmlns:gco="http://www.isotc211.org/2005/gco">Canada</gco:CharacterString></gmd:country></gmd:CI_Address></gmd:address></gmd:CI_Contact></gmd:contactInfo><gmd:role><gmd:CI_RoleCode codeList="http://www.isotc211.org/2005/resources/Codelist/gmxCodelists.xml#CI_RoleCode" codeListValue="owner" codeSpace="002">owner</gmd:CI_RoleCode></gmd:role></gmd:CI_ResponsibleParty></gmd:citedResponsibleParty></gmd:CI_Citation></gmd:citation><gmd:abstract><gco:CharacterString xmlns:gco="http://www.isotc211.org/2005/gco">&lt;p&gt;This dataset includes the boundaries of all District School Boards (DSB) located in the Province of Ontario, as updated for the 2015-2016 year. For ease of use, the dataset was generalized using a coordinate thinning technique to 50 meters.&lt;/p&gt; &lt;p&gt;The data in this product has been grouped as follows: &lt;li&gt;English Catholic&lt;/li&gt; &lt;li&gt;English Public&lt;/li&gt; &lt;li&gt;French Public&lt;/li&gt; &lt;li&gt;French Catholic&lt;/li&gt;&lt;/p&gt;&lt;p&gt; For a complete list of District School Boards, please refer to: http://www.edu.gov.on.ca/eng/sbinfo/boardlist.html. &lt;/p&gt;</gco:CharacterString></gmd:abstract><gmd:purpose><gco:CharacterString xmlns:gco="http://www.isotc211.org/2005/gco">This dataset is optimized for internet mapping purposes.</gco:CharacterString></gmd:purpose><gmd:status><gmd:MD_ProgressCode codeList="http://www.isotc211.org/2005/resources/Codelist/gmxCodelists.xml#MD_ProgressCode" codeListValue="completed" codeSpace="001">completed</gmd:MD_ProgressCode></gmd:status><gmd:environmentDescription><gco:CharacterString xmlns:gco="http://www.isotc211.org/2005/gco"/></gmd:environmentDescription><gmd:spatialRepresentationType><gmd:MD_SpatialRepresentationTypeCode codeList="http://www.isotc211.org/2005/resources/Codelist/gmxCodelists.xml#MD_SpatialRepresentationTypeCode" codeListValue="" codeSpace="001"/></gmd:spatialRepresentationType><gmd:language><gco:CharacterString xmlns:gco="http://www.isotc211.org/2005/gco">eng;CAN</gco:CharacterString></gmd:language><gmd:characterSet><gmd:MD_CharacterSetCode codeList="http://www.isotc211.org/2005/resources/Codelist/gmxCodelists.xml#MD_CharacterSetCode" codeListValue="utf8">utf8</gmd:MD_CharacterSetCode></gmd:characterSet><gmd:topicCategory><gmd:MD_TopicCategoryCode codeList="http://www.isotc211.org/2005/resources/Codelist/gmxCodelists.xml#MD_TopicCategory" codeListValue="boundaries" codeSpace="001">boundaries</gmd:MD_TopicCategoryCode></gmd:topicCategory><gmd:supplementalInformation><gco:CharacterString xmlns:gco="http://www.isotc211.org/2005/gco"/></gmd:supplementalInformation><gmd:resourceMaintenance><gmd:MD_MaintenanceInformation><gmd:maintenanceAndUpdateFrequency><gmd:MD_MaintenanceFrequencyCode codeList="http://www.isotc211.org/2005/resources/Codelist/gmxCodelists.xml#MD_MaintenanceFrequencyCode" codeListValue="notPlanned" codeSpace="006">notPlanned</gmd:MD_MaintenanceFrequencyCode></gmd:maintenanceAndUpdateFrequency></gmd:MD_MaintenanceInformation></gmd:resourceMaintenance><gmd:extent><gmd:EX_Extent><gmd:geographicElement><gmd:EX_GeographicBoundingBox><gmd:westBoundLongitude><gco:Decimal xmlns:gco="http://www.isotc211.org/2005/gco">-94.8833312988281</gco:Decimal></gmd:westBoundLongitude><gmd:eastBoundLongitude><gco:Decimal xmlns:gco="http://www.isotc211.org/2005/gco">-74.3333358764648</gco:Decimal></gmd:eastBoundLongitude><gmd:southBoundLatitude><gco:Decimal xmlns:gco="http://www.isotc211.org/2005/gco">41.6666679382324</gco:Decimal></gmd:southBoundLatitude><gmd:northBoundLatitude><gco:Decimal xmlns:gco="http://www.isotc211.org/2005/gco">51.3166656494141</gco:Decimal></gmd:northBoundLatitude><boundingbox><area>198.3074087906</area><upperleft><Point xmlns="http://earth.google.com/kml/2.0"><coordinates>-94.8833312988281,51.3166656494141</coordinates></Point></upperleft><upperright><Point xmlns="http://earth.google.com/kml/2.0"><coordinates>-74.3333358764648,51.3166656494141</coordinates></Point></upperright><lowerleft><Point xmlns="http://earth.google.com/kml/2.0"><coordinates>-94.8833312988281,41.6666679382324</coordinates></Point></lowerleft><lowerright><Point xmlns="http://earth.google.com/kml/2.0"><coordinates>-74.3333358764648,41.6666679382324</coordinates></Point></lowerright></boundingbox></gmd:EX_GeographicBoundingBox></gmd:geographicElement><gmd:temporalElement/><gmd:description><gmd:CharacterString>Extent description</gmd:CharacterString></gmd:description></gmd:EX_Extent></gmd:extent><gmd:resourceConstraints><gmd:MD_Constraints><gmd:useLimitation><gco:CharacterString xmlns:gco="http://www.isotc211.org/2005/gco">Government of Ontario, Open Government License.</gco:CharacterString></gmd:useLimitation></gmd:MD_Constraints><gmd:MD_LegalConstraints/></gmd:resourceConstraints><gmd:graphicOverview><gmd:MD_BrowseGraphic><gmd:fileName><gco:CharacterString xmlns:gco="http://www.isotc211.org/2005/gco">http://images.scholarsportal.info/gis/thumbnails/OpenContent/OpenContent_LIO_SchoolBoard_FC_2016.png</gco:CharacterString></gmd:fileName><gmd:fileDescription><gco:CharacterString xmlns:gco="http://www.isotc211.org/2005/gco">Thumbnail</gco:CharacterString></gmd:fileDescription><gmd:fileType xsi:type="napm:napMD_FileFormatCode_PropertyType" codeList="http://www.geoconnections.org/nap/metadata/register/napMetadataRegister.xml#IC_115" codeListValue="RI_711"><gco:CharacterString xmlns:gco="http://www.isotc211.org/2005/gco">png</gco:CharacterString></gmd:fileType></gmd:MD_BrowseGraphic></gmd:graphicOverview><gmd:spatialResolution><gmd:MD_Resolution><gmd:equivalentScale><gmd:MD_RepresentativeFraction><gmd:denominator><gco:Integer xmlns:gco="http://www.isotc211.org/2005/gco">50</gco:Integer></gmd:denominator></gmd:MD_RepresentativeFraction></gmd:equivalentScale></gmd:MD_Resolution></gmd:spatialResolution><gmd:descriptiveKeywords><gmd:MD_Keywords><gmd:keyword><gco:CharacterString xmlns:gco="http://www.isotc211.org/2005/gco">school board</gco:CharacterString></gmd:keyword><gmd:keyword><gco:CharacterString xmlns:gco="http://www.isotc211.org/2005/gco">boundary</gco:CharacterString></gmd:keyword><gmd:keyword><gco:CharacterString xmlns:gco="http://www.isotc211.org/2005/gco">boundaries</gco:CharacterString></gmd:keyword><gmd:keyword><gco:CharacterString xmlns:gco="http://www.isotc211.org/2005/gco">2016</gco:CharacterString></gmd:keyword><gmd:keyword><gco:CharacterString xmlns:gco="http://www.isotc211.org/2005/gco">administrative boundaries</gco:CharacterString></gmd:keyword><gmd:keyword><gco:CharacterString xmlns:gco="http://www.isotc211.org/2005/gco">2015</gco:CharacterString></gmd:keyword><gmd:type><gmd:MD_KeywordTypeCode codeList="http://www.isotc211.org/2005/resources/Codelist/gmxCodelists.xml#MD_KeywordTypeCode" codeListValue="theme" codeSpace="005">theme</gmd:MD_KeywordTypeCode></gmd:type><gmd:thesaurusName><gmd:CI_Citation><gmd:title><gco:CharacterString xmlns:gco="http://www.isotc211.org/2005/gco">NA</gco:CharacterString></gmd:title><gmd:date><gmd:CI_Date><gmd:date><gco:Date xmlns:gco="http://www.isotc211.org/2005/gco"/></gmd:date></gmd:CI_Date></gmd:date></gmd:CI_Citation></gmd:thesaurusName></gmd:MD_Keywords></gmd:descriptiveKeywords><gmd:descriptiveKeywords><gmd:MD_Keywords><gmd:keyword><gco:CharacterString xmlns:gco="http://www.isotc211.org/2005/gco">School boards</gco:CharacterString></gmd:keyword><gmd:keyword><gco:CharacterString xmlns:gco="http://www.isotc211.org/2005/gco">Commission scolaire</gco:CharacterString></gmd:keyword><gmd:keyword><gco:CharacterString xmlns:gco="http://www.isotc211.org/2005/gco">Boundaries</gco:CharacterString></gmd:keyword><gmd:keyword><gco:CharacterString xmlns:gco="http://www.isotc211.org/2005/gco">Frontière</gco:CharacterString></gmd:keyword><gmd:type><gmd:MD_KeywordTypeCode codeList="http://www.isotc211.org/2005/resources/Codelist/gmxCodelists.xml#MD_KeywordTypeCode" codeListValue="theme" codeSpace="005">theme</gmd:MD_KeywordTypeCode></gmd:type><gmd:thesaurusName><gmd:CI_Citation><gmd:title><gco:CharacterString xmlns:gco="http://www.isotc211.org/2005/gco">Government of Canada Core Subject Thesaurus</gco:CharacterString></gmd:title><gmd:date><gmd:CI_Date><gmd:date><gco:Date xmlns:gco="http://www.isotc211.org/2005/gco">May 16, 2011</gco:Date></gmd:date><gmd:dateType><gmd:CI_DateTypeCode codeList="http://www.geoconnections.org/nap/metadata/register/napMetadataRegister.xml#IC_87" codeListValue="RI_366">revision</gmd:CI_DateTypeCode></gmd:dateType></gmd:CI_Date></gmd:date><gmd:citedResponsibleParty><gmd:CI_ResponsibleParty><gmd:organisationName><gco:CharacterString xmlns:gco="http://www.isotc211.org/2005/gco">Library and Archives Canada</gco:CharacterString></gmd:organisationName><gmd:role><gmd:CI_RoleCode codeList="http://www.geoconnections.org/nap/metadata/register/napMetadataRegister.xml#IC_90" codeListValue="RI_414">originator</gmd:CI_RoleCode></gmd:role></gmd:CI_ResponsibleParty></gmd:citedResponsibleParty></gmd:CI_Citation></gmd:thesaurusName></gmd:MD_Keywords></gmd:descriptiveKeywords><gmd:descriptiveKeywords><gmd:MD_Keywords><gmd:keyword><gco:CharacterString xmlns:gco="http://www.isotc211.org/2005/gco">Continent &gt; North America &gt; Canada &gt; Ontario</gco:CharacterString></gmd:keyword><gmd:type><gmd:MD_KeywordTypeCode codeList="http://www.isotc211.org/2005/resources/Codelist/gmxCodelists.xml#MD_KeywordTypeCode" codeListValue="place" codeSpace="ISOTC211/19115">place</gmd:MD_KeywordTypeCode></gmd:type><gmd:thesaurusName><gmd:CI_Citation><gmd:title><gco:CharacterString xmlns:gco="http://www.isotc211.org/2005/gco">Global Change Master Directory (GCMD) Location Keywords</gco:CharacterString></gmd:title><gmd:date><gmd:CI_Date><gmd:date><gco:Date xmlns:gco="http://www.isotc211.org/2005/gco">2007</gco:Date></gmd:date><gmd:dateType><gmd:CI_DateTypeCode codeList="http://www.isotc211.org/2005/resources/Codelist/gmxCodelists.xml#CI_DateTypeCode" codeListValue="creation">creation</gmd:CI_DateTypeCode></gmd:dateType></gmd:CI_Date></gmd:date><gmd:citedResponsibleParty><gmd:CI_ResponsibleParty><gmd:organisationName><gco:CharacterString xmlns:gco="http://www.isotc211.org/2005/gco">NASA/Global Change Master Directory (GCMD)</gco:CharacterString></gmd:organisationName><gmd:role><gmd:CI_RoleCode codeList="http://www.isotc211.org/2005/resources/Codelist/gmxCodelists.xml#CI_RoleCode" codeListValue="originator">originator</gmd:CI_RoleCode></gmd:role></gmd:CI_ResponsibleParty></gmd:citedResponsibleParty></gmd:CI_Citation></gmd:thesaurusName></gmd:MD_Keywords></gmd:descriptiveKeywords></gmd:MD_DataIdentification></gmd:identificationInfo><gmd:dateStamp><gco:Date xmlns:gco="http://www.isotc211.org/2005/gco">2018-10-15</gco:Date></gmd:dateStamp><gmd:metadataStandardName><gco:CharacterString xmlns:gco="http://www.isotc211.org/2005/gco">
            North American Profile of ISO19115:2003 - Geographic Information
        </gco:CharacterString></gmd:metadataStandardName><gmd:metadataStandardVersion><gco:CharacterString xmlns:gco="http://www.isotc211.org/2005/gco">2009</gco:CharacterString></gmd:metadataStandardVersion><gmd:referenceSystemInfo><gmd:MD_ReferenceSystem><gmd:referenceSystemIdentifier><gmd:RS_Identifier><gmd:code><gco:CharacterString xmlns:gco="http://www.isotc211.org/2005/gco">4269</gco:CharacterString></gmd:code><gmd:codeSpace><gco:CharacterString xmlns:gco="http://www.isotc211.org/2005/gco">http://www.epsg-registry.org/</gco:CharacterString></gmd:codeSpace></gmd:RS_Identifier></gmd:referenceSystemIdentifier></gmd:MD_ReferenceSystem></gmd:referenceSystemInfo><gmd:contact><gmd:CI_ResponsibleParty><gmd:organisationName><gco:CharacterString xmlns:gco="http://www.isotc211.org/2005/gco">Scholars Portal, Ontario Council of University Libraries</gco:CharacterString></gmd:organisationName><gmd:contactInfo><gmd:CI_Contact><gmd:address><gmd:CI_Address><gmd:city><gco:CharacterString xmlns:gco="http://www.isotc211.org/2005/gco">Toronto</gco:CharacterString></gmd:city><gmd:administrativeArea><gco:CharacterString xmlns:gco="http://www.isotc211.org/2005/gco">Ontario</gco:CharacterString></gmd:administrativeArea><gmd:country><gco:CharacterString xmlns:gco="http://www.isotc211.org/2005/gco">Canada</gco:CharacterString></gmd:country></gmd:CI_Address></gmd:address><gmd:onlineResource><gmd:CI_OnlineResource><gmd:linkage><gmd:URL>http://scholarsportal.info</gmd:URL></gmd:linkage></gmd:CI_OnlineResource></gmd:onlineResource><gmd:contactInstructions><gco:CharacterString xmlns:gco="http://www.isotc211.org/2005/gco">datagis@scholarsportal.info</gco:CharacterString></gmd:contactInstructions></gmd:CI_Contact></gmd:contactInfo><gmd:role><gmd:CI_RoleCode codeList="http://www.isotc211.org/2005/resources/Codelist/gmxCodelists.xml#CI_RoleCode" codeListValue="pointOfContact" codeSpace="002">pointOfContact</gmd:CI_RoleCode></gmd:role></gmd:CI_ResponsibleParty></gmd:contact><sp:sp-custom xmlns:sp="http://scholarsportal.info"><theme-keyword>school board</theme-keyword><theme-keyword>boundary</theme-keyword><theme-keyword>boundaries</theme-keyword><theme-keyword>2016</theme-keyword><theme-keyword>administrative boundaries</theme-keyword><theme-keyword>2015</theme-keyword><theme-keyword-cst>School boards</theme-keyword-cst><theme-keyword-cst>Commission scolaire</theme-keyword-cst><theme-keyword-cst>Boundaries</theme-keyword-cst><theme-keyword-cst>Frontière</theme-keyword-cst><place-category>Continent</place-category><place-type>North America</place-type><place-subregion1>Canada</place-subregion1><place-subregion2>Ontario</place-subregion2><sp:production-date>2018-10-30-04:00</sp:production-date><sp:publish-date>2016-01-01</sp:publish-date><sp:publish-date>2017-09-01</sp:publish-date><sp:spatialResolution/><userguides/><externalguides><extguide><extlabel>Complete List of School Boards</extlabel><extlink>http://www.edu.gov.on.ca/eng/sbinfo/boardlist.html</extlink></extguide></externalguides><holdings/><notdownloadable>0</notdownloadable><notqueryable>0</notqueryable></sp:sp-custom><gmd:distributionInfo><gmd:MD_Distribution><gmd:transferOptions><gmd:MD_DigitalTransferOptions><gmd:transferSize><gco:Real xmlns:gco="http://www.isotc211.org/2005/gco"/></gmd:transferSize><gmd:online><gmd:CI_OnlineResource><gmd:linkage><gmd:URL>/ArcGIS/rest/services/OpenContent/OpenContent_LIO_SchoolBoard_EC_2016/MapServer</gmd:URL></gmd:linkage><gmd:protocol><gco:CharacterString xmlns:gco="http://www.isotc211.org/2005/gco">http</gco:CharacterString></gmd:protocol><gmd:description><gco:CharacterString xmlns:gco="http://www.isotc211.org/2005/gco">Tiled map service (vector){English Catholic}&lt;uri:/NAP/OpenContent_LIO_SchoolBoard_EC_2016.xml&gt;</gco:CharacterString></gmd:description></gmd:CI_OnlineResource></gmd:online><gmd:online><gmd:CI_OnlineResource><gmd:linkage><gmd:URL>/ArcGIS/rest/services/OpenContent/OpenContent_LIO_SchoolBoard_EP_2016/MapServer</gmd:URL></gmd:linkage><gmd:protocol><gco:CharacterString xmlns:gco="http://www.isotc211.org/2005/gco">http</gco:CharacterString></gmd:protocol><gmd:description><gco:CharacterString xmlns:gco="http://www.isotc211.org/2005/gco">Tiled map service (vector){English Public}&lt;uri:/NAP/OpenContent_LIO_SchoolBoard_EP_2016.xml&gt;</gco:CharacterString></gmd:description></gmd:CI_OnlineResource></gmd:online><gmd:online><gmd:CI_OnlineResource><gmd:linkage><gmd:URL>/ArcGIS/rest/services/OpenContent/OpenContent_LIO_SchoolBoard_FC_2016/MapServer</gmd:URL></gmd:linkage><gmd:protocol><gco:CharacterString xmlns:gco="http://www.isotc211.org/2005/gco">http</gco:CharacterString></gmd:protocol><gmd:description><gco:CharacterString xmlns:gco="http://www.isotc211.org/2005/gco">Tiled map service (vector){French Catholic}&lt;uri:/NAP/OpenContent_LIO_SchoolBoard_FC_2016.xml&gt;</gco:CharacterString></gmd:description></gmd:CI_OnlineResource></gmd:online><gmd:online><gmd:CI_OnlineResource><gmd:linkage><gmd:URL>/ArcGIS/rest/services/OpenContent/OpenContent_LIO_SchoolBoard_FP_2016/MapServer</gmd:URL></gmd:linkage><gmd:protocol><gco:CharacterString xmlns:gco="http://www.isotc211.org/2005/gco">http</gco:CharacterString></gmd:protocol><gmd:description><gco:CharacterString xmlns:gco="http://www.isotc211.org/2005/gco">Tiled map service (vector){French Public}&lt;uri:/NAP/OpenContent_LIO_SchoolBoard_FP_2016.xml&gt;</gco:CharacterString></gmd:description></gmd:CI_OnlineResource></gmd:online></gmd:MD_DigitalTransferOptions></gmd:transferOptions><gmd:distributor><gmd:MD_Distributor><gmd:distributorContact><gmd:CI_ResponsibleParty><gmd:organisationName><gco:CharacterString xmlns:gco="http://www.isotc211.org/2005/gco">Capital Policy &amp; Programs, Ministry of Education</gco:CharacterString></gmd:organisationName><gmd:contactInfo><gmd:CI_Contact><gmd:address><gmd:CI_Address><gmd:city><gco:CharacterString xmlns:gco="http://www.isotc211.org/2005/gco"/></gmd:city><gmd:administrativeArea><gco:CharacterString xmlns:gco="http://www.isotc211.org/2005/gco">Ontario</gco:CharacterString></gmd:administrativeArea><gmd:country><gco:CharacterString xmlns:gco="http://www.isotc211.org/2005/gco">Canada</gco:CharacterString></gmd:country><gmd:linkage><gmd:URL/></gmd:linkage></gmd:CI_Address></gmd:address><gmd:onlineResource><gmd:CI_OnlineResource><gmd:linkage><gmd:URL/></gmd:linkage></gmd:CI_OnlineResource></gmd:onlineResource></gmd:CI_Contact></gmd:contactInfo><gmd:role><gmd:CI_RoleCode codeList="http://www.isotc211.org/2005/resources/Codelist/gmxCodelists.xml#CI_RoleCode" codeListValue="distributor" codeSpace="007">distributor</gmd:CI_RoleCode></gmd:role></gmd:CI_ResponsibleParty></gmd:distributorContact></gmd:MD_Distributor></gmd:distributor></gmd:MD_Distribution></gmd:distributionInfo><gmd:spatialRepresentationInfo><gmd:MD_VectorSpatialRepresentation><gmd:geometricObjects><gmd:MD_GeometricObjects><gmd:geometricObjectType><gmd:MD_GeometricObjectTypeCode codeList="http://www.isotc211.org/2005/resources/Codelist/gmxCodelists.xml#MD_GeometricObjectTypeCode" codeListValue="composite" codeSpace="003">composite</gmd:MD_GeometricObjectTypeCode></gmd:geometricObjectType><gmd:geometricObjectCount><gco:Integer xmlns:gco="http://www.isotc211.org/2005/gco">29</gco:Integer></gmd:geometricObjectCount></gmd:MD_GeometricObjects></gmd:geometricObjects></gmd:MD_VectorSpatialRepresentation></gmd:spatialRepresentationInfo><gmd:dataQualityInfo><gmd:DQ_DataQuality><gmd:scope><gmd:DQ_Scope><gmd:level><gmd:MD_ScopeCode codeList="http://www.tc211.org/ISO19139/resources/codeList.xml#MD_ScopeCode" codeListValue="dataset">dataset</gmd:MD_ScopeCode></gmd:level></gmd:DQ_Scope></gmd:scope><gmd:lineage><gmd:LI_Lineage><gmd:statement><gco:CharacterString xmlns:gco="http://www.isotc211.org/2005/gco"/></gmd:statement></gmd:LI_Lineage></gmd:lineage></gmd:DQ_DataQuality></gmd:dataQualityInfo><gmd:metadataMaintenance><gmd:MD_MaintenanceInformation><gmd:maintenanceNote><gco:CharacterString xmlns:gco="http://www.isotc211.org/2005/gco">4513e1c5-9b1f-403c-863b-b0f581f57ee2</gco:CharacterString></gmd:maintenanceNote><gmd:contact><gmd:CI_ResponsibleParty><gmd:organisationName><gco:CharacterString xmlns:gco="http://www.isotc211.org/2005/gco">Capital Policy &amp; Programs, Ministry of Education</gco:CharacterString></gmd:organisationName><gmd:contactInfo><gmd:CI_Contact><gmd:address><gmd:CI_Address><gmd:city><gco:CharacterString xmlns:gco="http://www.isotc211.org/2005/gco"/></gmd:city><gmd:administrativeArea><gco:CharacterString xmlns:gco="http://www.isotc211.org/2005/gco">Ontario</gco:CharacterString></gmd:administrativeArea><gmd:country><gco:CharacterString xmlns:gco="http://www.isotc211.org/2005/gco">Canada</gco:CharacterString></gmd:country></gmd:CI_Address></gmd:address></gmd:CI_Contact></gmd:contactInfo><gmd:role><gmd:CI_RoleCode codeList="http://www.isotc211.org/2005/resources/Codelist/gmxCodelists.xml#CI_RoleCode" codeListValue="custodian" codeSpace="002">custodian</gmd:CI_RoleCode></gmd:role></gmd:CI_ResponsibleParty></gmd:contact><gmd:contact><gmd:CI_ResponsibleParty><gmd:organisationName><gco:CharacterString xmlns:gco="http://www.isotc211.org/2005/gco">Scholars Portal, Ontario Council of University Libraries</gco:CharacterString></gmd:organisationName><gmd:contactInfo><gmd:CI_Contact><gmd:address><gmd:CI_Address><gmd:city><gco:CharacterString xmlns:gco="http://www.isotc211.org/2005/gco">Toronto</gco:CharacterString></gmd:city><gmd:administrativeArea><gco:CharacterString xmlns:gco="http://www.isotc211.org/2005/gco">Ontario</gco:CharacterString></gmd:administrativeArea><gmd:country><gco:CharacterString xmlns:gco="http://www.isotc211.org/2005/gco">Canada</gco:CharacterString></gmd:country></gmd:CI_Address></gmd:address></gmd:CI_Contact></gmd:contactInfo><gmd:role><gmd:CI_RoleCode codeList="http://www.isotc211.org/2005/resources/Codelist/gmxCodelists.xml#CI_RoleCode" codeListValue="pointOfContact" codeSpace="002">pointOfContact</gmd:CI_RoleCode></gmd:role></gmd:CI_ResponsibleParty></gmd:contact></gmd:MD_MaintenanceInformation></gmd:metadataMaintenance></gmd:MD_Metadata>
