<metadata xml:lang="en"><Esri><CreaDate>20181011</CreaDate><CreaTime>16204400</CreaTime><SyncOnce>FALSE</SyncOnce><SyncDate>20211026</SyncDate><SyncTime>14133200</SyncTime><ModDate>20211026</ModDate><ModTime>14133200</ModTime><DataProperties><lineage><Process ToolSource="C:\Program Files\ArcGIS\ArcToolbox\Toolboxes\Data Management Tools.tbx\Merge" Date="20090706" Time="113930">Merge Caramat_LCC;superiorGreenstoneDSB C:\UserData\Holland\Projects\School_Authority_Amalgomation\Data\CreateNew_ENGLISH_Boundaries\SuperiorGreenstone\superiorGreenstoneDSB_Merge.shp "Name 'Name' true true false 60 Text 0 0 ,First,#,Caramat_LCC,Name,-1,-1,superiorGreenstoneDSB,NAME,-1,-1;OBJECTID 'OBJECTID' true true false 10 Double 0 10 ,First,#,superiorGreenstoneDSB,OBJECTID,-1,-1;OBJECTID_1 'OBJECTID_1' true true false 10 Double 0 10 ,First,#,superiorGreenstoneDSB,OBJECTID_1,-1,-1;SDSB_ID 'SDSB_ID' true true false 15 Text 0 0 ,First,#,superiorGreenstoneDSB,SDSB_ID,-1,-1;DISTRICT 'DISTRICT' true true false 17 Text 0 0 ,First,#,superiorGreenstoneDSB,DISTRICT,-1,-1;TYPE 'TYPE' true true false 15 Text 0 0 ,First,#,superiorGreenstoneDSB,TYPE,-1,-1;LANGUAGE 'LANGUAGE' true true false 14 Text 0 0 ,First,#,superiorGreenstoneDSB,LANGUAGE,-1,-1;STREET 'STREET' true true false 31 Text 0 0 ,First,#,superiorGreenstoneDSB,STREET,-1,-1;CITY 'CITY' true true false 14 Text 0 0 ,First,#,superiorGreenstoneDSB,CITY,-1,-1;POSTAL_COD 'POSTAL_COD' true true false 14 Text 0 0 ,First,#,superiorGreenstoneDSB,POSTAL_COD,-1,-1;PHONE 'PHONE' true true false 14 Text 0 0 ,First,#,superiorGreenstoneDSB,PHONE,-1,-1;FAX 'FAX' true true false 14 Text 0 0 ,First,#,superiorGreenstoneDSB,FAX,-1,-1;WEBSITE 'WEBSITE' true true false 36 Text 0 0 ,First,#,superiorGreenstoneDSB,WEBSITE,-1,-1;DSB_NUMBER 'DSB_NUMBER' true true false 12 Double 0 12 ,First,#,superiorGreenstoneDSB,DSB_NUMBER,-1,-1;AREA_ 'AREA_' true true false 19 Double 3 18 ,First,#,superiorGreenstoneDSB,AREA_,-1,-1;X_COORD 'X_COORD' true true false 19 Double 5 18 ,First,#,superiorGreenstoneDSB,X_COORD,-1,-1;Y_COORD 'Y_COORD' true true false 19 Double 5 18 ,First,#,superiorGreenstoneDSB,Y_COORD,-1,-1;SHAPE_AREA 'SHAPE_AREA' true true false 19 Double 0 0 ,First,#,superiorGreenstoneDSB,SHAPE_AREA,-1,-1;SHAPE_LEN 'SHAPE_LEN' true true false 19 Double 0 0 ,First,#,superiorGreenstoneDSB,SHAPE_LEN,-1,-1"</Process><Process ToolSource="C:\Program Files\ArcGIS\ArcToolbox\Toolboxes\Data Management Tools.tbx\Dissolve" Date="20090706" Time="114209">Dissolve superiorGreenstoneDSB_Merge C:\UserData\Holland\Projects\School_Authority_Amalgomation\Data\CreateNew_ENGLISH_Boundaries\SuperiorGreenstone\superiorGreenstoneDSB_2.shp Name;OBJECTID;SDSB_ID;DISTRICT;TYPE;LANGUAGE;STREET;CITY;POSTAL_COD;PHONE;FAX;WEBSITE;DSB_NUMBER;AREA_;X_COORD;Y_COORD # MULTI_PART DISSOLVE_LINES</Process><Process ToolSource="C:\Program Files\ArcGIS\ArcToolbox\Toolboxes\Data Management Tools.tbx\Merge" Date="20090810" Time="134023">Merge superiorGreenstoneDSB_2;NakinaDSA C:\UserData\Holland\Projects\School_Authority_Amalgomation\Data\CreateNew_ENGLISH_Boundaries\English_Public\SuperiorGreenstone\superiorGreenstoneDSB_2_Merg.shp "Name 'Name' true true false 60 Text 0 0 ,First,#,superiorGreenstoneDSB_2,Name,-1,-1,NakinaDSA,NAME,-1,-1;OBJECTID 'OBJECTID' true true false 10 Double 0 10 ,First,#,superiorGreenstoneDSB_2,OBJECTID,-1,-1;SDSB_ID 'SDSB_ID' true true false 15 Text 0 0 ,First,#,superiorGreenstoneDSB_2,SDSB_ID,-1,-1;DISTRICT 'DISTRICT' true true false 17 Text 0 0 ,First,#,superiorGreenstoneDSB_2,DISTRICT,-1,-1;TYPE 'TYPE' true true false 15 Text 0 0 ,First,#,superiorGreenstoneDSB_2,TYPE,-1,-1;LANGUAGE 'LANGUAGE' true true false 14 Text 0 0 ,First,#,superiorGreenstoneDSB_2,LANGUAGE,-1,-1;STREET 'STREET' true true false 31 Text 0 0 ,First,#,superiorGreenstoneDSB_2,STREET,-1,-1;CITY 'CITY' true true false 14 Text 0 0 ,First,#,superiorGreenstoneDSB_2,CITY,-1,-1;POSTAL_COD 'POSTAL_COD' true true false 14 Text 0 0 ,First,#,superiorGreenstoneDSB_2,POSTAL_COD,-1,-1;PHONE 'PHONE' true true false 14 Text 0 0 ,First,#,superiorGreenstoneDSB_2,PHONE,-1,-1;FAX 'FAX' true true false 14 Text 0 0 ,First,#,superiorGreenstoneDSB_2,FAX,-1,-1;WEBSITE 'WEBSITE' true true false 36 Text 0 0 ,First,#,superiorGreenstoneDSB_2,WEBSITE,-1,-1;DSB_NUMBER 'DSB_NUMBER' true true false 12 Double 0 12 ,First,#,superiorGreenstoneDSB_2,DSB_NUMBER,-1,-1;AREA_ 'AREA_' true true false 19 Double 3 18 ,First,#,superiorGreenstoneDSB_2,AREA_,-1,-1;X_COORD 'X_COORD' true true false 19 Double 5 18 ,First,#,superiorGreenstoneDSB_2,X_COORD,-1,-1;Y_COORD 'Y_COORD' true true false 19 Double 5 18 ,First,#,superiorGreenstoneDSB_2,Y_COORD,-1,-1;AREA 'AREA' true true false 20 Double 3 19 ,First,#,NakinaDSA,AREA,-1,-1;PERIMETER 'PERIMETER' true true false 16 Double 3 15 ,First,#,NakinaDSA,PERIMETER,-1,-1"</Process><Process ToolSource="C:\Program Files\ArcGIS\ArcToolbox\Toolboxes\Data Management Tools.tbx\Dissolve" Date="20090810" Time="134415">Dissolve superiorGreenstoneDSB_2_Merg C:\UserData\Holland\Projects\School_Authority_Amalgomation\Data\CreateNew_ENGLISH_Boundaries\English_Public\SuperiorGreenstone\superiorGreenstoneDSB_3.shp Name;OBJECTID;SDSB_ID;DISTRICT;TYPE;LANGUAGE;STREET;CITY;POSTAL_COD;PHONE;FAX;WEBSITE;DSB_NUMBER;AREA_;X_COORD;Y_COORD;AREA;PERIMETER # MULTI_PART DISSOLVE_LINES</Process><Process ToolSource="C:\Program Files\ArcGIS\ArcToolbox\Toolboxes\Data Management Tools.tbx\Merge" Date="20090810" Time="134717">Merge superiorGreenstoneDSB_3;English_Public_2009_2010_2 C:\UserData\Holland\Projects\School_Authority_Amalgomation\Data\CreateNew_ENGLISH_Boundaries\English_Public\English_Public_2009_2010_3.shp "Name 'Name' true true false 60 Text 0 0 ,First,#,superiorGreenstoneDSB_3,Name,-1,-1,English_Public_2009_2010_2,NAME,-1,-1;OBJECTID 'OBJECTID' true true false 10 Double 0 10 ,First,#,superiorGreenstoneDSB_3,OBJECTID,-1,-1;SDSB_ID 'SDSB_ID' true true false 15 Text 0 0 ,First,#,superiorGreenstoneDSB_3,SDSB_ID,-1,-1,English_Public_2009_2010_2,SDSB_ID,-1,-1;DISTRICT 'DISTRICT' true true false 17 Text 0 0 ,First,#,superiorGreenstoneDSB_3,DISTRICT,-1,-1,English_Public_2009_2010_2,DISTRICT,-1,-1;TYPE 'TYPE' true true false 15 Text 0 0 ,First,#,superiorGreenstoneDSB_3,TYPE,-1,-1,English_Public_2009_2010_2,TYPE,-1,-1;LANGUAGE 'LANGUAGE' true true false 14 Text 0 0 ,First,#,superiorGreenstoneDSB_3,LANGUAGE,-1,-1,English_Public_2009_2010_2,LANGUAGE,-1,-1;STREET 'STREET' true true false 31 Text 0 0 ,First,#,superiorGreenstoneDSB_3,STREET,-1,-1,English_Public_2009_2010_2,STREET,-1,-1;CITY 'CITY' true true false 14 Text 0 0 ,First,#,superiorGreenstoneDSB_3,CITY,-1,-1,English_Public_2009_2010_2,CITY,-1,-1;POSTAL_COD 'POSTAL_COD' true true false 14 Text 0 0 ,First,#,superiorGreenstoneDSB_3,POSTAL_COD,-1,-1,English_Public_2009_2010_2,POSTAL_COD,-1,-1;PHONE 'PHONE' true true false 14 Text 0 0 ,First,#,superiorGreenstoneDSB_3,PHONE,-1,-1,English_Public_2009_2010_2,PHONE,-1,-1;FAX 'FAX' true true false 14 Text 0 0 ,First,#,superiorGreenstoneDSB_3,FAX,-1,-1,English_Public_2009_2010_2,FAX,-1,-1;WEBSITE 'WEBSITE' true true false 36 Text 0 0 ,First,#,superiorGreenstoneDSB_3,WEBSITE,-1,-1,English_Public_2009_2010_2,WEBSITE,-1,-1;DSB_NUMBER 'DSB_NUMBER' true true false 12 Double 0 12 ,First,#,superiorGreenstoneDSB_3,DSB_NUMBER,-1,-1,English_Public_2009_2010_2,DSB_NUMBER,-1,-1;AREA_ 'AREA_' true true false 19 Double 3 18 ,First,#,superiorGreenstoneDSB_3,AREA_,-1,-1;X_COORD 'X_COORD' true true false 19 Double 5 18 ,First,#,superiorGreenstoneDSB_3,X_COORD,-1,-1,English_Public_2009_2010_2,X_COORD,-1,-1;Y_COORD 'Y_COORD' true true false 19 Double 5 18 ,First,#,superiorGreenstoneDSB_3,Y_COORD,-1,-1,English_Public_2009_2010_2,Y_COORD,-1,-1;AREA 'AREA' true true false 19 Double 3 18 ,First,#,superiorGreenstoneDSB_3,AREA,-1,-1;PERIMETER 'PERIMETER' true true false 19 Double 3 18 ,First,#,superiorGreenstoneDSB_3,PERIMETER,-1,-1"</Process><Process ToolSource="C:\Program Files\ArcGIS\ArcToolbox\Toolboxes\Data Management Tools.tbx\Merge" Date="20090810" Time="145514">Merge English_Public_2009_2010_3;Renfrew_County_DSB_3 C:\UserData\Holland\Projects\School_Authority_Amalgomation\Data\CreateNew_ENGLISH_Boundaries\English_Public\English_Public_2009_2010_4.shp "Name 'Name' true true false 60 Text 0 0 ,First,#,English_Public_2009_2010_3,Name,-1,-1,Renfrew_County_DSB_3,NAME,-1,-1;OBJECTID 'OBJECTID' true true false 10 Double 0 10 ,First,#,English_Public_2009_2010_3,OBJECTID,-1,-1,Renfrew_County_DSB_3,OBJECTID,-1,-1;SDSB_ID 'SDSB_ID' true true false 15 Text 0 0 ,First,#,English_Public_2009_2010_3,SDSB_ID,-1,-1,Renfrew_County_DSB_3,SDSB_ID,-1,-1;DISTRICT 'DISTRICT' true true false 17 Text 0 0 ,First,#,English_Public_2009_2010_3,DISTRICT,-1,-1,Renfrew_County_DSB_3,DISTRICT,-1,-1;TYPE 'TYPE' true true false 15 Text 0 0 ,First,#,English_Public_2009_2010_3,TYPE,-1,-1,Renfrew_County_DSB_3,TYPE,-1,-1;LANGUAGE 'LANGUAGE' true true false 14 Text 0 0 ,First,#,English_Public_2009_2010_3,LANGUAGE,-1,-1,Renfrew_County_DSB_3,LANGUAGE,-1,-1;STREET 'STREET' true true false 31 Text 0 0 ,First,#,English_Public_2009_2010_3,STREET,-1,-1,Renfrew_County_DSB_3,STREET,-1,-1;CITY 'CITY' true true false 14 Text 0 0 ,First,#,English_Public_2009_2010_3,CITY,-1,-1,Renfrew_County_DSB_3,CITY,-1,-1;POSTAL_COD 'POSTAL_COD' true true false 14 Text 0 0 ,First,#,English_Public_2009_2010_3,POSTAL_COD,-1,-1,Renfrew_County_DSB_3,POSTAL_COD,-1,-1;PHONE 'PHONE' true true false 14 Text 0 0 ,First,#,English_Public_2009_2010_3,PHONE,-1,-1,Renfrew_County_DSB_3,PHONE,-1,-1;FAX 'FAX' true true false 14 Text 0 0 ,First,#,English_Public_2009_2010_3,FAX,-1,-1,Renfrew_County_DSB_3,FAX,-1,-1;WEBSITE 'WEBSITE' true true false 36 Text 0 0 ,First,#,English_Public_2009_2010_3,WEBSITE,-1,-1,Renfrew_County_DSB_3,WEBSITE,-1,-1;DSB_NUMBER 'DSB_NUMBER' true true false 12 Double 0 12 ,First,#,English_Public_2009_2010_3,DSB_NUMBER,-1,-1,Renfrew_County_DSB_3,DSB_NUMBER,-1,-1;AREA_ 'AREA_' true true false 19 Double 3 18 ,First,#,English_Public_2009_2010_3,AREA_,-1,-1,Renfrew_County_DSB_3,AREA_,-1,-1;X_COORD 'X_COORD' true true false 19 Double 5 18 ,First,#,English_Public_2009_2010_3,X_COORD,-1,-1,Renfrew_County_DSB_3,X_COORD,-1,-1;Y_COORD 'Y_COORD' true true false 19 Double 5 18 ,First,#,English_Public_2009_2010_3,Y_COORD,-1,-1,Renfrew_County_DSB_3,Y_COORD,-1,-1;AREA 'AREA' true true false 19 Double 3 18 ,First,#,English_Public_2009_2010_3,AREA,-1,-1,Renfrew_County_DSB_3,AREA,-1,-1;PERIMETER 'PERIMETER' true true false 19 Double 3 18 ,First,#,English_Public_2009_2010_3,PERIMETER,-1,-1;BOARD_NO 'BOARD_NO' true true false 8 Text 0 0 ,First,#,Renfrew_County_DSB_3,BOARD_NO,-1,-1;POSTALCODE 'POSTALCODE' true true false 14 Text 0 0 ,First,#,Renfrew_County_DSB_3,POSTALCODE,-1,-1"</Process><Process ToolSource="C:\Program Files\ArcGIS\ArcToolbox\Toolboxes\Data Management Tools.tbx\MultipartToSinglepart" Date="20090901" Time="153700">MultipartToSinglepart English_Public_2009_2010_4 C:\CindyLu\School_Board_Boundaries\SchoolBoardBoundaries\English_Public_2009_2010_4_M.shp</Process><Process ToolSource="C:\Program Files\ArcGIS\ArcToolbox\Toolboxes\Data Management Tools.tbx\SimplifyPolygon" Date="20090901" Time="153840">SimplifyPolygon English_Public_2009_2010_4_M C:\CindyLu\School_Board_Boundaries\SchoolBoardBoundaries\English_Public_2009_2010_Simplify.shp POINT_REMOVE "50 Meters" "1000 SquareMeters" NO_CHECK NO_KEEP C:\CindyLu\School_Board_Boundaries\SchoolBoardBoundaries\English_Public_2009_2010_Simplify_Pnt.shp</Process><Process ToolSource="C:\Program Files\ArcGIS\ArcToolbox\Toolboxes\Data Management Tools.tbx\Dissolve" Date="20090901" Time="154230">Dissolve English_Public_2009_2010_Simplify C:\CindyLu\School_Board_Boundaries\SchoolBoardBoundaries\gen_ep_09_10.shp FID;Name;OBJECTID;SDSB_ID;DISTRICT;TYPE;LANGUAGE;STREET;CITY;POSTAL_COD;PHONE;FAX;WEBSITE;DSB_NUMBER;AREA_;X_COORD;Y_COORD;AREA;PERIMETER;BOARD_NO;POSTALCODE # MULTI_PART DISSOLVE_LINES</Process><Process ToolSource="C:\Program Files\ArcGIS\ArcToolbox\Toolboxes\Conversion Tools.tbx\FeatureClassToFeatureClass" Date="20091005" Time="113049">FeatureClassToFeatureClass "O:\Business Services\GIS_Data\EDU Geowarehouse\Board_Boundaries\DSB_Boundaries\2009_2010\gen_ep_09_10.shp" "Database Connections\JEFF@119.sde\JEFF.MediumScale" gen_ep_09_10 # "Name 'Name' true true false 60 Text 0 0 ,First,#,O:\Business Services\GIS_Data\EDU Geowarehouse\Board_Boundaries\DSB_Boundaries\2009_2010\gen_ep_09_10.shp,Name,-1,-1;SDSB_ID 'SDSB_ID' true true false 15 Text 0 0 ,First,#,O:\Business Services\GIS_Data\EDU Geowarehouse\Board_Boundaries\DSB_Boundaries\2009_2010\gen_ep_09_10.shp,SDSB_ID,-1,-1;DISTRICT 'DISTRICT' true true false 17 Text 0 0 ,First,#,O:\Business Services\GIS_Data\EDU Geowarehouse\Board_Boundaries\DSB_Boundaries\2009_2010\gen_ep_09_10.shp,DISTRICT,-1,-1;TYPE 'TYPE' true true false 15 Text 0 0 ,First,#,O:\Business Services\GIS_Data\EDU Geowarehouse\Board_Boundaries\DSB_Boundaries\2009_2010\gen_ep_09_10.shp,TYPE,-1,-1;LANGUAGE 'LANGUAGE' true true false 14 Text 0 0 ,First,#,O:\Business Services\GIS_Data\EDU Geowarehouse\Board_Boundaries\DSB_Boundaries\2009_2010\gen_ep_09_10.shp,LANGUAGE,-1,-1;STREET 'STREET' true true false 31 Text 0 0 ,First,#,O:\Business Services\GIS_Data\EDU Geowarehouse\Board_Boundaries\DSB_Boundaries\2009_2010\gen_ep_09_10.shp,STREET,-1,-1;CITY 'CITY' true true false 14 Text 0 0 ,First,#,O:\Business Services\GIS_Data\EDU Geowarehouse\Board_Boundaries\DSB_Boundaries\2009_2010\gen_ep_09_10.shp,CITY,-1,-1;POSTAL_COD 'POSTAL_COD' true true false 14 Text 0 0 ,First,#,O:\Business Services\GIS_Data\EDU Geowarehouse\Board_Boundaries\DSB_Boundaries\2009_2010\gen_ep_09_10.shp,POSTAL_COD,-1,-1;PHONE 'PHONE' true true false 14 Text 0 0 ,First,#,O:\Business Services\GIS_Data\EDU Geowarehouse\Board_Boundaries\DSB_Boundaries\2009_2010\gen_ep_09_10.shp,PHONE,-1,-1;FAX 'FAX' true true false 14 Text 0 0 ,First,#,O:\Business Services\GIS_Data\EDU Geowarehouse\Board_Boundaries\DSB_Boundaries\2009_2010\gen_ep_09_10.shp,FAX,-1,-1;WEBSITE 'WEBSITE' true true false 36 Text 0 0 ,First,#,O:\Business Services\GIS_Data\EDU Geowarehouse\Board_Boundaries\DSB_Boundaries\2009_2010\gen_ep_09_10.shp,WEBSITE,-1,-1;DSB_NUMBER 'DSB_NUMBER' true true false 12 Double 0 12 ,First,#,O:\Business Services\GIS_Data\EDU Geowarehouse\Board_Boundaries\DSB_Boundaries\2009_2010\gen_ep_09_10.shp,DSB_NUMBER,-1,-1;AREA_ 'AREA_' true true false 19 Double 3 18 ,First,#,O:\Business Services\GIS_Data\EDU Geowarehouse\Board_Boundaries\DSB_Boundaries\2009_2010\gen_ep_09_10.shp,AREA_,-1,-1;X_COORD 'X_COORD' true true false 19 Double 5 18 ,First,#,O:\Business Services\GIS_Data\EDU Geowarehouse\Board_Boundaries\DSB_Boundaries\2009_2010\gen_ep_09_10.shp,X_COORD,-1,-1;Y_COORD 'Y_COORD' true true false 19 Double 5 18 ,First,#,O:\Business Services\GIS_Data\EDU Geowarehouse\Board_Boundaries\DSB_Boundaries\2009_2010\gen_ep_09_10.shp,Y_COORD,-1,-1;AREA 'AREA' true true false 19 Double 3 18 ,First,#,O:\Business Services\GIS_Data\EDU Geowarehouse\Board_Boundaries\DSB_Boundaries\2009_2010\gen_ep_09_10.shp,AREA,-1,-1;PERIMETER 'PERIMETER' true true false 19 Double 3 18 ,First,#,O:\Business Services\GIS_Data\EDU Geowarehouse\Board_Boundaries\DSB_Boundaries\2009_2010\gen_ep_09_10.shp,PERIMETER,-1,-1;BOARD_NO 'BOARD_NO' true true false 8 Text 0 0 ,First,#,O:\Business Services\GIS_Data\EDU Geowarehouse\Board_Boundaries\DSB_Boundaries\2009_2010\gen_ep_09_10.shp,BOARD_NO,-1,-1;POSTALCODE 'POSTALCODE' true true false 14 Text 0 0 ,First,#,O:\Business Services\GIS_Data\EDU Geowarehouse\Board_Boundaries\DSB_Boundaries\2009_2010\gen_ep_09_10.shp,POSTALCODE,-1,-1" SDE_DATA "Database Connections\JEFF@119.sde\JEFF.MediumScale\JEFF.gen_ep_09_10"</Process><Process ToolSource="C:\Program Files (x86)\ArcGIS\Desktop10.0\ArcToolbox\Toolboxes\Data Management Tools.tbx\CopyFeatures" Date="20130918" Time="144727">CopyFeatures "Database Connections\Connection to CSCPTOMODB00119 (ReadWrite).sde\JEFF.MediumScale\JEFF.gen_ep_09_10" C:\Users\mckenzpa\Desktop\EDU.gdb\gen_ep_09_10 # 0 0 0</Process><Process ToolSource="C:\Program Files\ArcGIS\Desktop10.0\ArcToolbox\Toolboxes\Data Management Tools.tbx\CopyFeatures" Date="20131202" Time="132250">CopyFeatures C:\_ProjectWork\CSC\CSC_Schema\Implemented\EDU_SDE_931.gdb\EDU_BOARD_ENGLISH_PUBLIC_S_FT "Database Connections\LIOTST_EDU.sde\EDU.EDU_BOARD_ENGLISH_PUBLIC_S_FT" # 0 0 0</Process><Process ToolSource="c:\program files (x86)\arcgis\desktop10.2\ArcToolbox\Toolboxes\Conversion Tools.tbx\FeatureClassToFeatureClass" Date="20170906" Time="103748">FeatureClassToFeatureClass "Database Connections\GISDEV.sde\EDU.BOARD_ENGLISH_PUBLIC_S_FT" G:\GI10_Project_Files\Education_Training\EDU\SchoolBoardData\SchoolBoardBoundaries BOARD_ENGLISH_PUBLIC.shp # "NAME "NAME" true true false 60 Text 0 0 ,First,#,Database Connections\GISDEV.sde\EDU.BOARD_ENGLISH_PUBLIC_S_FT,NAME,-1,-1;SDSB_ID "SDSB_ID" true true false 15 Text 0 0 ,First,#,Database Connections\GISDEV.sde\EDU.BOARD_ENGLISH_PUBLIC_S_FT,SDSB_ID,-1,-1;DISTRICT "DISTRICT" true true false 17 Text 0 0 ,First,#,Database Connections\GISDEV.sde\EDU.BOARD_ENGLISH_PUBLIC_S_FT,DISTRICT,-1,-1;TYPE "TYPE" true true false 15 Text 0 0 ,First,#,Database Connections\GISDEV.sde\EDU.BOARD_ENGLISH_PUBLIC_S_FT,TYPE,-1,-1;LANGUAGE "LANGUAGE" true true false 14 Text 0 0 ,First,#,Database Connections\GISDEV.sde\EDU.BOARD_ENGLISH_PUBLIC_S_FT,LANGUAGE,-1,-1;STREET "STREET" true true false 31 Text 0 0 ,First,#,Database Connections\GISDEV.sde\EDU.BOARD_ENGLISH_PUBLIC_S_FT,STREET,-1,-1;CITY "CITY" true true false 14 Text 0 0 ,First,#,Database Connections\GISDEV.sde\EDU.BOARD_ENGLISH_PUBLIC_S_FT,CITY,-1,-1;POSTAL_COD "POSTAL_COD" true true false 14 Text 0 0 ,First,#,Database Connections\GISDEV.sde\EDU.BOARD_ENGLISH_PUBLIC_S_FT,POSTAL_COD,-1,-1;PHONE "PHONE" true true false 14 Text 0 0 ,First,#,Database Connections\GISDEV.sde\EDU.BOARD_ENGLISH_PUBLIC_S_FT,PHONE,-1,-1;FAX "FAX" true true false 14 Text 0 0 ,First,#,Database Connections\GISDEV.sde\EDU.BOARD_ENGLISH_PUBLIC_S_FT,FAX,-1,-1;WEBSITE "WEBSITE" true true false 36 Text 0 0 ,First,#,Database Connections\GISDEV.sde\EDU.BOARD_ENGLISH_PUBLIC_S_FT,WEBSITE,-1,-1;DSB_NUMBER "DSB_NUMBER" true true false 8 Double 8 38 ,First,#,Database Connections\GISDEV.sde\EDU.BOARD_ENGLISH_PUBLIC_S_FT,DSB_NUMBER,-1,-1;AREA_ "AREA_" true true false 8 Double 8 38 ,First,#,Database Connections\GISDEV.sde\EDU.BOARD_ENGLISH_PUBLIC_S_FT,AREA_,-1,-1;X_COORD "X_COORD" true true false 8 Double 8 38 ,First,#,Database Connections\GISDEV.sde\EDU.BOARD_ENGLISH_PUBLIC_S_FT,X_COORD,-1,-1;Y_COORD "Y_COORD" true true false 8 Double 8 38 ,First,#,Database Connections\GISDEV.sde\EDU.BOARD_ENGLISH_PUBLIC_S_FT,Y_COORD,-1,-1;SHAPE_AREA "SHAPE.AREA" false false true 0 Double 0 0 ,First,#,Database Connections\GISDEV.sde\EDU.BOARD_ENGLISH_PUBLIC_S_FT,SHAPE.AREA,-1,-1;SHAPE_LEN "SHAPE.LEN" false false true 0 Double 0 0 ,First,#,Database Connections\GISDEV.sde\EDU.BOARD_ENGLISH_PUBLIC_S_FT,SHAPE.LEN,-1,-1" #</Process><Process ToolSource="c:\program files (x86)\arcgis\desktop10.6\ArcToolbox\Toolboxes\Conversion Tools.tbx\FeatureClassToFeatureClass" Date="20181018" Time="204753">FeatureClassToFeatureClass \\142.1.121.200\dev$\Publishing\OpenContent\OpenContent_LIO_SchoolBoard_EP_2016\data\BOARD_ENGLISH_PUBLIC.shp \\142.1.121.192\datastore\geodatabases\geodatabase.gdb OpenContent_LIO_SchoolBoard_EP_2016 # "NAME "NAME" true true false 60 Text 0 0 ,First,#,\\142.1.121.200\dev$\Publishing\OpenContent\OpenContent_LIO_SchoolBoard_EP_2016\data\BOARD_ENGLISH_PUBLIC.shp,NAME,-1,-1;SDSB_ID "SDSB_ID" true true false 15 Text 0 0 ,First,#,\\142.1.121.200\dev$\Publishing\OpenContent\OpenContent_LIO_SchoolBoard_EP_2016\data\BOARD_ENGLISH_PUBLIC.shp,SDSB_ID,-1,-1;DISTRICT "DISTRICT" true true false 17 Text 0 0 ,First,#,\\142.1.121.200\dev$\Publishing\OpenContent\OpenContent_LIO_SchoolBoard_EP_2016\data\BOARD_ENGLISH_PUBLIC.shp,DISTRICT,-1,-1;TYPE "TYPE" true true false 15 Text 0 0 ,First,#,\\142.1.121.200\dev$\Publishing\OpenContent\OpenContent_LIO_SchoolBoard_EP_2016\data\BOARD_ENGLISH_PUBLIC.shp,TYPE,-1,-1;LANGUAGE "LANGUAGE" true true false 14 Text 0 0 ,First,#,\\142.1.121.200\dev$\Publishing\OpenContent\OpenContent_LIO_SchoolBoard_EP_2016\data\BOARD_ENGLISH_PUBLIC.shp,LANGUAGE,-1,-1;STREET "STREET" true true false 31 Text 0 0 ,First,#,\\142.1.121.200\dev$\Publishing\OpenContent\OpenContent_LIO_SchoolBoard_EP_2016\data\BOARD_ENGLISH_PUBLIC.shp,STREET,-1,-1;CITY "CITY" true true false 14 Text 0 0 ,First,#,\\142.1.121.200\dev$\Publishing\OpenContent\OpenContent_LIO_SchoolBoard_EP_2016\data\BOARD_ENGLISH_PUBLIC.shp,CITY,-1,-1;POSTAL_COD "POSTAL_COD" true true false 14 Text 0 0 ,First,#,\\142.1.121.200\dev$\Publishing\OpenContent\OpenContent_LIO_SchoolBoard_EP_2016\data\BOARD_ENGLISH_PUBLIC.shp,POSTAL_COD,-1,-1;DSB_NUMBER "DSB_NUMBER" true true false 19 Double 8 18 ,First,#,\\142.1.121.200\dev$\Publishing\OpenContent\OpenContent_LIO_SchoolBoard_EP_2016\data\BOARD_ENGLISH_PUBLIC.shp,DSB_NUMBER,-1,-1;SHAPE_AREA "SHAPE_AREA" true true false 19 Double 0 0 ,First,#,\\142.1.121.200\dev$\Publishing\OpenContent\OpenContent_LIO_SchoolBoard_EP_2016\data\BOARD_ENGLISH_PUBLIC.shp,SHAPE_AREA,-1,-1;SHAPE_LEN "SHAPE_LEN" true true false 19 Double 0 0 ,First,#,\\142.1.121.200\dev$\Publishing\OpenContent\OpenContent_LIO_SchoolBoard_EP_2016\data\BOARD_ENGLISH_PUBLIC.shp,SHAPE_LEN,-1,-1" #</Process><Process ToolSource="c:\program files (x86)\arcgis\desktop10.6\ArcToolbox\Toolboxes\Conversion Tools.tbx\FeatureClassToFeatureClass" Date="20181030" Time="151244">FeatureClassToFeatureClass \\142.1.121.192\datastore\geodatabases\geodatabase.gdb\OpenContent_LIO_SchoolBoard_EP_2016 \\142.1.121.210\datastore\geodatabases\geodatabase.gdb OpenContent_LIO_SchoolBoard_EP_2016 # "NAME "NAME" true true false 60 Text 0 0 ,First,#,\\142.1.121.192\datastore\geodatabases\geodatabase.gdb\OpenContent_LIO_SchoolBoard_EP_2016,NAME,-1,-1;SDSB_ID "SDSB_ID" true true false 15 Text 0 0 ,First,#,\\142.1.121.192\datastore\geodatabases\geodatabase.gdb\OpenContent_LIO_SchoolBoard_EP_2016,SDSB_ID,-1,-1;DISTRICT "DISTRICT" true true false 17 Text 0 0 ,First,#,\\142.1.121.192\datastore\geodatabases\geodatabase.gdb\OpenContent_LIO_SchoolBoard_EP_2016,DISTRICT,-1,-1;TYPE "TYPE" true true false 15 Text 0 0 ,First,#,\\142.1.121.192\datastore\geodatabases\geodatabase.gdb\OpenContent_LIO_SchoolBoard_EP_2016,TYPE,-1,-1;LANGUAGE "LANGUAGE" true true false 14 Text 0 0 ,First,#,\\142.1.121.192\datastore\geodatabases\geodatabase.gdb\OpenContent_LIO_SchoolBoard_EP_2016,LANGUAGE,-1,-1;STREET "STREET" true true false 31 Text 0 0 ,First,#,\\142.1.121.192\datastore\geodatabases\geodatabase.gdb\OpenContent_LIO_SchoolBoard_EP_2016,STREET,-1,-1;CITY "CITY" true true false 14 Text 0 0 ,First,#,\\142.1.121.192\datastore\geodatabases\geodatabase.gdb\OpenContent_LIO_SchoolBoard_EP_2016,CITY,-1,-1;POSTAL_COD "POSTAL_COD" true true false 14 Text 0 0 ,First,#,\\142.1.121.192\datastore\geodatabases\geodatabase.gdb\OpenContent_LIO_SchoolBoard_EP_2016,POSTAL_COD,-1,-1;DSB_NUMBER "DSB_NUMBER" true true false 8 Double 0 0 ,First,#,\\142.1.121.192\datastore\geodatabases\geodatabase.gdb\OpenContent_LIO_SchoolBoard_EP_2016,DSB_NUMBER,-1,-1;Shape_Length "Shape_Length" false true true 8 Double 0 0 ,First,#,\\142.1.121.192\datastore\geodatabases\geodatabase.gdb\OpenContent_LIO_SchoolBoard_EP_2016,Shape_Length,-1,-1;Shape_Area "Shape_Area" false true true 8 Double 0 0 ,First,#,\\142.1.121.192\datastore\geodatabases\geodatabase.gdb\OpenContent_LIO_SchoolBoard_EP_2016,Shape_Area,-1,-1" #</Process></lineage><itemProps><itemName Sync="TRUE">OpenContent_LIO_SchoolBoard_EP_2016</itemName><imsContentType Sync="TRUE">002</imsContentType><itemLocation><linkage Sync="TRUE">file://\\121-201-ARCGIS1\C\Users\arcgis\AppData\Local\Temp\download_gpserver\ja3bf84f337504cb5a4f969ffd0569e02\scratch\zipfolder\OpenContent_LIO_SchoolBoard_EP_2016.shp</linkage><protocol Sync="TRUE">Local Area Network</protocol></itemLocation><itemSize Sync="TRUE">0.000</itemSize></itemProps><coordRef><type Sync="TRUE">Geographic</type><geogcsn Sync="TRUE">GCS_North_American_1983</geogcsn><csUnits Sync="TRUE">Angular Unit: Degree (0.017453)</csUnits><peXml Sync="TRUE">&lt;GeographicCoordinateSystem xsi:type='typens:GeographicCoordinateSystem' xmlns:xsi='http://www.w3.org/2001/XMLSchema-instance' xmlns:xs='http://www.w3.org/2001/XMLSchema' xmlns:typens='http://www.esri.com/schemas/ArcGIS/10.4'&gt;&lt;WKT&gt;GEOGCS[&amp;quot;GCS_North_American_1983&amp;quot;,DATUM[&amp;quot;D_North_American_1983&amp;quot;,SPHEROID[&amp;quot;GRS_1980&amp;quot;,6378137.0,298.257222101]],PRIMEM[&amp;quot;Greenwich&amp;quot;,0.0],UNIT[&amp;quot;Degree&amp;quot;,0.0174532925199433],AUTHORITY[&amp;quot;EPSG&amp;quot;,4269]]&lt;/WKT&gt;&lt;XOrigin&gt;-400&lt;/XOrigin&gt;&lt;YOrigin&gt;-400&lt;/YOrigin&gt;&lt;XYScale&gt;11258999068426.238&lt;/XYScale&gt;&lt;ZOrigin&gt;-100000&lt;/ZOrigin&gt;&lt;ZScale&gt;10000&lt;/ZScale&gt;&lt;MOrigin&gt;-100000&lt;/MOrigin&gt;&lt;MScale&gt;10000&lt;/MScale&gt;&lt;XYTolerance&gt;8.9831528411952133e-009&lt;/XYTolerance&gt;&lt;ZTolerance&gt;0.001&lt;/ZTolerance&gt;&lt;MTolerance&gt;0.001&lt;/MTolerance&gt;&lt;HighPrecision&gt;true&lt;/HighPrecision&gt;&lt;LeftLongitude&gt;-180&lt;/LeftLongitude&gt;&lt;WKID&gt;4269&lt;/WKID&gt;&lt;LatestWKID&gt;4269&lt;/LatestWKID&gt;&lt;/GeographicCoordinateSystem&gt;</peXml></coordRef><copyHistory><copy source="\\142.1.121.200\dev$\Data_for_Loading\OCUL\SchoolBoardBoundaries\Update_Sept2017\DefaultResults\4513e1c5-9b1f-403c-863b-b0f581f57ee2\SchoolBoardBoundaries\BOARD_ENGLISH_PUBLIC" dest="\\142.1.121.200\dev$\Publishing\OCUL\OCUL_SchoolBoardBoundaries_EP_2016\data\BOARD_ENGLISH_PUBLIC" date="20181011" time="16204400"></copy></copyHistory></DataProperties><ArcGISFormat>1.0</ArcGISFormat><ArcGISstyle>FGDC CSDGM Metadata</ArcGISstyle></Esri><idinfo><native Sync="TRUE">Microsoft Windows XP Version 5.1 (Build 2600) Service Pack 2; ESRI ArcCatalog 9.3.0.1770</native><descript><langdata Sync="TRUE">en</langdata><abstract>REQUIRED: A brief narrative summary of the data set.</abstract><purpose>REQUIRED: A summary of the intentions with which the data set was developed.</purpose></descript><citation><citeinfo><origin>REQUIRED: The name of an organization or individual that developed the data set.</origin><pubdate>REQUIRED: The date when the data set is published or otherwise made available for release.</pubdate><title Sync="TRUE">JEFF.gen_ep_09_10</title><ftname Sync="TRUE">JEFF.gen_ep_09_10</ftname><geoform Sync="TRUE">vector digital data</geoform><onlink Sync="TRUE">\\cscdqpvsdb14079\d$\Temp\EDU_SDE_931.gdb</onlink></citeinfo></citation><timeperd><current>REQUIRED: The basis on which the time period of content information is determined.</current><timeinfo><sngdate><caldate>REQUIRED: The year (and optionally month, or month and day) for which the data set corresponds to the ground.</caldate></sngdate></timeinfo></timeperd><status><progress>REQUIRED: The state of the data set.</progress><update>REQUIRED: The frequency with which changes and additions are made to the data set after the initial data set is completed.</update></status><spdom><bounding><westbc Sync="TRUE">REQUIRED: Western-most coordinate of the limit of coverage expressed in longitude.</westbc><eastbc Sync="TRUE">REQUIRED: Eastern-most coordinate of the limit of coverage expressed in longitude.</eastbc><northbc Sync="TRUE">REQUIRED: Northern-most coordinate of the limit of coverage expressed in latitude.</northbc><southbc Sync="TRUE">REQUIRED: Southern-most coordinate of the limit of coverage expressed in latitude.</southbc></bounding></spdom><keywords><theme><themekt>REQUIRED: Reference to a formally registered thesaurus or a similar authoritative source of theme keywords.</themekt><themekey>REQUIRED: Common-use word or phrase used to describe the subject of the data set.</themekey></theme></keywords><accconst>REQUIRED: Restrictions and legal prerequisites for accessing the data set.</accconst><useconst>REQUIRED: Restrictions and legal prerequisites for using the data set after access is granted.</useconst><natvform Sync="TRUE">SDE Feature Class</natvform></idinfo><dataIdInfo><envirDesc Sync="TRUE"> Version 6.2 (Build 9200) ; Esri ArcGIS 10.4.1.5686</envirDesc><dataLang><languageCode Sync="TRUE" value="eng"></languageCode><countryCode value="USA" Sync="TRUE"></countryCode></dataLang><idCitation><resTitle Sync="TRUE">OpenContent_LIO_SchoolBoard_EP_2016</resTitle><presForm><PresFormCd Sync="TRUE" value="005"></PresFormCd></presForm></idCitation><spatRpType><SpatRepTypCd Sync="TRUE" value="001"></SpatRepTypCd></spatRpType></dataIdInfo><metainfo><langmeta Sync="TRUE">en</langmeta><metstdn Sync="TRUE">FGDC Content Standards for Digital Geospatial Metadata</metstdn><metstdv Sync="TRUE">FGDC-STD-001-1998</metstdv><mettc Sync="TRUE">local time</mettc><metc><cntinfo><cntorgp><cntper>REQUIRED: The person responsible for the metadata information.</cntper><cntorg>REQUIRED: The organization responsible for the metadata information.</cntorg></cntorgp><cntaddr><addrtype>REQUIRED: The mailing and/or physical address for the organization or individual.</addrtype><city>REQUIRED: The city of the address.</city><state>REQUIRED: The state or province of the address.</state><postal>REQUIRED: The ZIP or other postal code of the address.</postal></cntaddr><cntvoice>REQUIRED: The telephone number by which individuals can speak to the organization or individual.</cntvoice></cntinfo></metc><metd Sync="TRUE">20091005</metd></metainfo><mdLang><languageCode Sync="TRUE" value="eng"></languageCode><countryCode value="USA" Sync="TRUE"></countryCode></mdLang><mdStanName Sync="TRUE">ISO 19115 Geographic Information - Metadata</mdStanName><mdStanVer Sync="TRUE">DIS_ESRI1.0</mdStanVer><mdChar><CharSetCd Sync="TRUE" value="004"></CharSetCd></mdChar><mdHrLv><ScopeCd Sync="TRUE" value="005"></ScopeCd></mdHrLv><mdHrLvName Sync="TRUE">dataset</mdHrLvName><distinfo><resdesc Sync="TRUE">Downloadable Data</resdesc><stdorder><digform><digtinfo><transize Sync="TRUE">0.000</transize><dssize Sync="TRUE">0.000</dssize></digtinfo></digform></stdorder></distinfo><distInfo><distributor><distorTran><onLineSrc><orDesc Sync="TRUE">002</orDesc><linkage Sync="TRUE">file://\\cscdqpvsdb14079\d$\Temp\EDU_SDE_931.gdb</linkage><protocol Sync="TRUE">Local Area Network</protocol></onLineSrc><transSize Sync="TRUE">0.000</transSize></distorTran><distorFormat><formatName Sync="TRUE">SDE Feature Class</formatName></distorFormat></distributor><distFormat><formatName Sync="TRUE">Shapefile</formatName></distFormat><distTranOps><transSize Sync="TRUE">0.000</transSize></distTranOps></distInfo><spdoinfo><direct Sync="TRUE">Vector</direct><ptvctinf><esriterm Name="OpenContent_LIO_SchoolBoard_EP_2016"><efeatyp Sync="TRUE">Simple</efeatyp><efeageom code="4" Sync="TRUE"></efeageom><esritopo Sync="TRUE">FALSE</esritopo><efeacnt Sync="TRUE">0</efeacnt><spindex Sync="TRUE">FALSE</spindex><linrefer Sync="TRUE">FALSE</linrefer></esriterm></ptvctinf></spdoinfo><spref><horizsys><cordsysn><geogcsn Sync="TRUE">GCS_North_American_1983</geogcsn></cordsysn><geodetic><horizdn Sync="TRUE">North American Datum of 1983</horizdn><ellips Sync="TRUE">Geodetic Reference System 80</ellips><semiaxis Sync="TRUE">6378137.000000</semiaxis><denflat Sync="TRUE">298.257222</denflat></geodetic><geograph><geogunit Sync="TRUE">Decimal degrees</geogunit><latres Sync="TRUE">0.000000</latres><longres Sync="TRUE">0.000000</longres></geograph></horizsys><vertdef><altsys><altenc Sync="TRUE">Explicit elevation coordinate included with horizontal coordinates</altenc><altres Sync="TRUE">1.000000</altres></altsys></vertdef></spref><refSysInfo><RefSystem><refSysID><identCode Sync="TRUE" value="4269" code="4269">GCS_North_American_1983</identCode><idCodeSpace Sync="TRUE">EPSG</idCodeSpace><idVersion Sync="TRUE">6.12(3.0.1)</idVersion></refSysID></RefSystem></refSysInfo><spatRepInfo><VectSpatRep><geometObjs Name="OpenContent_LIO_SchoolBoard_EP_2016"><geoObjTyp><GeoObjTypCd value="002" Sync="TRUE"></GeoObjTypCd></geoObjTyp><geoObjCnt Sync="TRUE">0</geoObjCnt></geometObjs><topLvl><TopoLevCd value="001" Sync="TRUE"></TopoLevCd></topLvl></VectSpatRep></spatRepInfo><eainfo><detailed Name="OpenContent_LIO_SchoolBoard_EP_2016"><enttyp><enttypl Sync="TRUE">OpenContent_LIO_SchoolBoard_EP_2016</enttypl><enttypt Sync="TRUE">Feature Class</enttypt><enttypc Sync="TRUE">0</enttypc></enttyp><attr><attrlabl Sync="TRUE">FID</attrlabl><attalias Sync="TRUE">FID</attalias><attrtype Sync="TRUE">OID</attrtype><attwidth Sync="TRUE">4</attwidth><atprecis Sync="TRUE">0</atprecis><attscale Sync="TRUE">0</attscale><attrdef Sync="TRUE">Internal feature number.</attrdef><attrdefs Sync="TRUE">Esri</attrdefs><attrdomv><udom Sync="TRUE">Sequential unique whole numbers that are automatically generated.</udom></attrdomv></attr><attr><attrlabl Sync="TRUE">Shape</attrlabl><attalias Sync="TRUE">Shape</attalias><attrtype Sync="TRUE">Geometry</attrtype><attwidth Sync="TRUE">0</attwidth><atprecis Sync="TRUE">0</atprecis><attscale Sync="TRUE">0</attscale><attrdef Sync="TRUE">Feature geometry.</attrdef><attrdefs Sync="TRUE">ESRI</attrdefs><attrdomv><udom Sync="TRUE">Coordinates defining the features.</udom></attrdomv></attr><attr><attrlabl Sync="TRUE">Name</attrlabl><attalias Sync="TRUE">NAME</attalias><attrtype Sync="TRUE">String</attrtype><attwidth Sync="TRUE">60</attwidth><atprecis Sync="TRUE">0</atprecis><attscale Sync="TRUE">0</attscale></attr><attr><attrlabl Sync="TRUE">SDSB_ID</attrlabl><attalias Sync="TRUE">SDSB_ID</attalias><attrtype Sync="TRUE">String</attrtype><attwidth Sync="TRUE">15</attwidth><atprecis Sync="TRUE">0</atprecis><attscale Sync="TRUE">0</attscale></attr><attr><attrlabl Sync="TRUE">DISTRICT</attrlabl><attalias Sync="TRUE">DISTRICT</attalias><attrtype Sync="TRUE">String</attrtype><attwidth Sync="TRUE">17</attwidth><atprecis Sync="TRUE">0</atprecis><attscale Sync="TRUE">0</attscale></attr><attr><attrlabl Sync="TRUE">TYPE</attrlabl><attalias Sync="TRUE">TYPE</attalias><attrtype Sync="TRUE">String</attrtype><attwidth Sync="TRUE">15</attwidth><atprecis Sync="TRUE">0</atprecis><attscale Sync="TRUE">0</attscale></attr><attr><attrlabl Sync="TRUE">LANGUAGE</attrlabl><attalias Sync="TRUE">LANGUAGE</attalias><attrtype Sync="TRUE">String</attrtype><attwidth Sync="TRUE">14</attwidth><atprecis Sync="TRUE">0</atprecis><attscale Sync="TRUE">0</attscale></attr><attr><attrlabl Sync="TRUE">STREET</attrlabl><attalias Sync="TRUE">STREET</attalias><attrtype Sync="TRUE">String</attrtype><attwidth Sync="TRUE">31</attwidth><atprecis Sync="TRUE">0</atprecis><attscale Sync="TRUE">0</attscale></attr><attr><attrlabl Sync="TRUE">CITY</attrlabl><attalias Sync="TRUE">CITY</attalias><attrtype Sync="TRUE">String</attrtype><attwidth Sync="TRUE">14</attwidth><atprecis Sync="TRUE">0</atprecis><attscale Sync="TRUE">0</attscale></attr><attr><attrlabl Sync="TRUE">POSTAL_COD</attrlabl><attalias Sync="TRUE">POSTAL_COD</attalias><attrtype Sync="TRUE">String</attrtype><attwidth Sync="TRUE">14</attwidth><atprecis Sync="TRUE">0</atprecis><attscale Sync="TRUE">0</attscale></attr><attr><attrlabl Sync="TRUE">DSB_NUMBER</attrlabl><attalias Sync="TRUE">DSB_NUMBER</attalias><attrtype Sync="TRUE">Double</attrtype><attwidth Sync="TRUE">19</attwidth><atprecis Sync="TRUE">0</atprecis><attscale Sync="TRUE">0</attscale></attr><attr><attrlabl Sync="TRUE">Shape_Leng</attrlabl><attalias Sync="TRUE">Shape_Leng</attalias><attrtype Sync="TRUE">Double</attrtype><attwidth Sync="TRUE">19</attwidth><atprecis Sync="TRUE">0</atprecis><attscale Sync="TRUE">0</attscale></attr><attr><attrlabl Sync="TRUE">SHAPE_AREA</attrlabl><attalias Sync="TRUE">Shape_Area</attalias><attrtype Sync="TRUE">Double</attrtype><attwidth Sync="TRUE">19</attwidth><atprecis Sync="TRUE">0</atprecis><attscale Sync="TRUE">0</attscale><attrdef Sync="TRUE">Area of feature in internal units squared.</attrdef><attrdefs Sync="TRUE">Esri</attrdefs><attrdomv><udom Sync="TRUE">Positive real numbers that are automatically generated.</udom></attrdomv></attr></detailed></eainfo><mdDateSt Sync="TRUE">20211026</mdDateSt><dataqual><lineage><procstep><procdesc Sync="TRUE">Dataset copied.</procdesc><srcused Sync="TRUE"></srcused><procdate Sync="TRUE">20090902</procdate><proctime Sync="TRUE">09574900</proctime></procstep><procstep><procdesc Sync="TRUE">Dataset copied.</procdesc><srcused Sync="TRUE">\\OND4C00829217\E\EDU_DATA\FILE_GEO_9_3_1\EDU_9_3_1.gdb</srcused><procdate Sync="TRUE">20131029</procdate><proctime Sync="TRUE">11465600</proctime></procstep><procstep><procdesc Sync="TRUE">Dataset copied.</procdesc><srcused Sync="TRUE">Server=cscptomodb00117; Service=sde:oracle9i:/;LOCAL=MAPS117.EDU.GOV.ON.CA; User=csc; Version=SDE.DEFAULT</srcused><procdate Sync="TRUE">20131031</procdate><proctime Sync="TRUE">14084300</proctime></procstep></lineage></dataqual></metadata>
