<?xml version="1.0" encoding="UTF-8"?>
<gmd:MD_Metadata xsi:schemaLocation="http://www.isotc211.org/2005/gmd http://schemas.opengis.net/iso/19139/20060504/gmd/gmd.xsd" xmlns:plugin="http://marklogic.com/extension/plugin" xmlns:xproc="http://www.w3.org/ns/xproc" xmlns:gco="http://www.isotc211.org/2005/gco" xmlns:gmd="http://www.isotc211.org/2005/gmd" xmlns:gmi="http://www.isotc211.org/2005/gmi" xmlns:gmx="http://www.isotc211.org/2005/gmx" xmlns:gsr="http://www.isotc211.org/2005/gsr" xmlns:gss="http://www.isotc211.org/2005/gss" xmlns:gts="http://www.isotc211.org/2005/gts" xmlns:gml="http://www.opengis.net/gml/3.2" xmlns:xlink="http://www.w3.org/1999/xlink" xmlns="http://www.isotc211.org/2005/gmi" xmlns:sp="http://scholarsportal.info" xmlns:xsi="http://www.w3.org/2001/XMLSchema-instance"><gmd:fileIdentifier><gco:CharacterString>3570906326</gco:CharacterString></gmd:fileIdentifier><gmd:language><gco:CharacterString>eng; CAN</gco:CharacterString></gmd:language><gmd:characterSet><gmd:MD_CharacterSetCode codeList="http://www.isotc211.org/2005/resources/Codelist/gmxCodelists.xml#MD_CharacterSetCode" codeListValue="utf8" codeSpace="004">utf8</gmd:MD_CharacterSetCode></gmd:characterSet><gmd:hierarchyLevel><gmd:MD_ScopeCode codeList="http://www.isotc211.org/2005/resources/Codelist/gmxCodelists.xml#MD_ScopeCode" codeListValue="dataset" codeSpace="005">dataset</gmd:MD_ScopeCode></gmd:hierarchyLevel><gmd:identificationInfo><gmd:MD_DataIdentification><gmd:citation><gmd:CI_Citation><gmd:title><gco:CharacterString>Hospital Locations</gco:CharacterString></gmd:title><gmd:date><gmd:CI_Date><gmd:date><gco:Date>2011-12-30</gco:Date></gmd:date><gmd:dateType><gmd:CI_DateTypeCode codeList="http://www.isotc211.org/2005/resources/Codelist/gmxCodelists.xml#CI_DateTypeCode" codeListValue="creation" codeSpace="002">creation</gmd:CI_DateTypeCode></gmd:dateType></gmd:CI_Date></gmd:date><gmd:edition><gco:CharacterString/></gmd:edition><gmd:series><gmd:CI_Series><gmd:name><gco:CharacterString>Ontario Ministry of Health and Long-Term Care</gco:CharacterString></gmd:name></gmd:CI_Series></gmd:series><gmd:citedResponsibleParty><gmd:CI_ResponsibleParty><gmd:organisationName><gco:CharacterString>Ontario Ministry of Health and Long-Term Care</gco:CharacterString></gmd:organisationName><gmd:contactInfo><gmd:CI_Contact><gmd:address><gmd:CI_Address><gmd:city><gco:CharacterString>Toronto</gco:CharacterString></gmd:city><gmd:administrativeArea><gco:CharacterString>Ontario</gco:CharacterString></gmd:administrativeArea><gmd:country><gco:CharacterString>Canada</gco:CharacterString></gmd:country></gmd:CI_Address></gmd:address></gmd:CI_Contact></gmd:contactInfo><gmd:role><gmd:CI_RoleCode codeList="http://www.isotc211.org/2005/resources/Codelist/gmxCodelists.xml#CI_RoleCode" codeListValue="publisher" codeSpace="002">publisher</gmd:CI_RoleCode></gmd:role></gmd:CI_ResponsibleParty></gmd:citedResponsibleParty></gmd:CI_Citation></gmd:citation><gmd:abstract><gco:CharacterString>&lt;p&gt;This data set contains hospital locations in Ontario, as governed by the Public Hospitals Act. Hospitals are institutions for health care providing patient treatment by specialized staff and equipment. Each hospital corporation may have more than one site (location).&lt;/p&gt;</gco:CharacterString></gmd:abstract><gmd:purpose><gco:CharacterString/></gmd:purpose><gmd:status><gmd:MD_ProgressCode codeList="http://www.isotc211.org/2005/resources/Codelist/gmxCodelists.xml#MD_ProgressCode" codeListValue="onGoing" codeSpace="001">onGoing</gmd:MD_ProgressCode></gmd:status><gmd:environmentDescription><gco:CharacterString/></gmd:environmentDescription><gmd:spatialRepresentationType><gmd:MD_SpatialRepresentationTypeCode codeList="http://www.isotc211.org/2005/resources/Codelist/gmxCodelists.xml#MD_SpatialRepresentationTypeCode" codeListValue="vector" codeSpace="001">vector</gmd:MD_SpatialRepresentationTypeCode></gmd:spatialRepresentationType><gmd:language><gco:CharacterString>eng; CAN</gco:CharacterString></gmd:language><gmd:characterSet><gmd:MD_CharacterSetCode codeList="http://www.isotc211.org/2005/resources/Codelist/gmxCodelists.xml#MD_CharacterSetCode" codeListValue="utf8">utf8</gmd:MD_CharacterSetCode></gmd:characterSet><gmd:topicCategory><gmd:MD_TopicCategoryCode codeList="http://www.isotc211.org/2005/resources/Codelist/gmxCodelists.xml#MD_TopicCategory" codeListValue="health" codeSpace="001">health</gmd:MD_TopicCategoryCode></gmd:topicCategory><gmd:supplementalInformation><gco:CharacterString/></gmd:supplementalInformation><gmd:resourceMaintenance><gmd:MD_MaintenanceInformation><gmd:maintenanceAndUpdateFrequency><gmd:MD_MaintenanceFrequencyCode codeList="http://www.isotc211.org/2005/resources/Codelist/gmxCodelists.xml#MD_MaintenanceFrequencyCode" codeListValue="biannually" codeSpace="006">biannually</gmd:MD_MaintenanceFrequencyCode></gmd:maintenanceAndUpdateFrequency></gmd:MD_MaintenanceInformation></gmd:resourceMaintenance><gmd:graphicOverview><gmd:MD_BrowseGraphic><gmd:fileName><gco:CharacterString>http://images.scholarsportal.info/gis/thumbnails/OGDE/OGDE_MOH_HOSPL.png</gco:CharacterString></gmd:fileName><gmd:fileDescription><gco:CharacterString>Thumbnail</gco:CharacterString></gmd:fileDescription><gmd:fileType xsi:type="napm:napMD_FileFormatCode_PropertyType" codeList="http://www.geoconnections.org/nap/metadata/register/napMetadataRegister.xml#IC_115" codeListValue="RI_711"><gco:CharacterString>png</gco:CharacterString></gmd:fileType></gmd:MD_BrowseGraphic></gmd:graphicOverview><gmd:extent><gmd:EX_Extent><gmd:geographicElement><gmd:EX_GeographicBoundingBox><gmd:westBoundLongitude><gco:Decimal>-94.568606</gco:Decimal></gmd:westBoundLongitude><gmd:eastBoundLongitude><gco:Decimal>-74.607462</gco:Decimal></gmd:eastBoundLongitude><gmd:southBoundLatitude><gco:Decimal>42.048760</gco:Decimal></gmd:southBoundLatitude><gmd:northBoundLatitude><gco:Decimal>52.924247</gco:Decimal></gmd:northBoundLatitude><boundingbox xmlns=""><area>217.087162077128</area><upperleft><Point xmlns="http://earth.google.com/kml/2.0"><coordinates>-94.568606,52.924247</coordinates></Point></upperleft><upperright><Point xmlns="http://earth.google.com/kml/2.0"><coordinates>-74.607462,52.924247</coordinates></Point></upperright><lowerleft><Point xmlns="http://earth.google.com/kml/2.0"><coordinates>-94.568606,42.048760</coordinates></Point></lowerleft><lowerright><Point xmlns="http://earth.google.com/kml/2.0"><coordinates>-74.607462,42.048760</coordinates></Point></lowerright></boundingbox></gmd:EX_GeographicBoundingBox></gmd:geographicElement><gmd:temporalElement><gmd:EX_TemporalExtent><gmd:extent><gml:TimePeriod gml:id="boundingTemporalExtent"><gml:description/><gml:beginPosition/><gml:endPosition/></gml:TimePeriod></gmd:extent></gmd:EX_TemporalExtent></gmd:temporalElement><gmd:description><gmd:CharacterString>Extent description</gmd:CharacterString></gmd:description></gmd:EX_Extent></gmd:extent><gmd:resourceConstraints><gmd:MD_Constraints><gmd:useLimitation><gco:CharacterString>Users must acknowledge MOHLTC as the provider of this dataset.</gco:CharacterString></gmd:useLimitation></gmd:MD_Constraints><gmd:MD_LegalConstraints><gmd:accessConstraints><gmd:MD_RestrictionCode codeList="http://www.isotc211.org/2005/resources/Codelist/gmxCodelists.xml#MD_RestrictionCode" codeListValue="license" codeSpace="008">license</gmd:MD_RestrictionCode></gmd:accessConstraints><gmd:useConstraints><gmd:MD_RestrictionCode codeList="http://www.isotc211.org/2005/resources/Codelist/gmxCodelists.xml#MD_RestrictionCode" codeListValue="otherRestrictions" codeSpace="008">otherRestrictions</gmd:MD_RestrictionCode></gmd:useConstraints><gmd:otherConstraints><gco:CharacterString>The data is restricted to use by current student, faculty and staff at Ontario Universities who are members of the Ontario Geospatial Data Exchange (OGDE) See: http://www.mnr.gov.on.ca/en/Business/LIO/2ColumnSubPage/STEL02_167959.html</gco:CharacterString></gmd:otherConstraints></gmd:MD_LegalConstraints></gmd:resourceConstraints><gmd:descriptiveKeywords><gmd:MD_Keywords><gmd:keyword><gco:CharacterString>MINISTRY OF HEALTH AND LONG-TERM CARE</gco:CharacterString></gmd:keyword><gmd:keyword><gco:CharacterString>HEALTH CARE PROVIDERS</gco:CharacterString></gmd:keyword><gmd:keyword><gco:CharacterString>HOSPITALS</gco:CharacterString></gmd:keyword><gmd:keyword><gco:CharacterString>HEALTH</gco:CharacterString></gmd:keyword><gmd:keyword><gco:CharacterString>PUBLIC HEALTH</gco:CharacterString></gmd:keyword><gmd:type><gmd:MD_KeywordTypeCode codeList="http://www.isotc211.org/2005/resources/Codelist/gmxCodelists.xml#MD_KeywordTypeCode" codeListValue="theme" codeSpace="005">theme</gmd:MD_KeywordTypeCode></gmd:type><gmd:thesaurusName><gmd:CI_Citation><gmd:title><gco:CharacterString>NA</gco:CharacterString></gmd:title><gmd:date><gmd:CI_Date><gmd:date><gco:Date/></gmd:date></gmd:CI_Date></gmd:date></gmd:CI_Citation></gmd:thesaurusName></gmd:MD_Keywords></gmd:descriptiveKeywords><gmd:descriptiveKeywords><gmd:MD_Keywords><gmd:keyword><gco:CharacterString>Health</gco:CharacterString></gmd:keyword><gmd:keyword><gco:CharacterString>Santé</gco:CharacterString></gmd:keyword><gmd:keyword><gco:CharacterString>Health care</gco:CharacterString></gmd:keyword><gmd:keyword><gco:CharacterString>Soins de santé</gco:CharacterString></gmd:keyword><gmd:keyword><gco:CharacterString>Health professionals</gco:CharacterString></gmd:keyword><gmd:keyword><gco:CharacterString>Professionnel de la santé</gco:CharacterString></gmd:keyword><gmd:type><gmd:MD_KeywordTypeCode codeList="http://www.isotc211.org/2005/resources/Codelist/gmxCodelists.xml#MD_KeywordTypeCode" codeListValue="theme" codeSpace="005">theme</gmd:MD_KeywordTypeCode></gmd:type><gmd:thesaurusName><gmd:CI_Citation><gmd:title><gco:CharacterString>Government of Canada Core Subject Thesaurus</gco:CharacterString></gmd:title><gmd:date><gmd:CI_Date><gmd:date><gco:Date>May 16, 2011</gco:Date></gmd:date><gmd:dateType><gmd:CI_DateTypeCode codeList="http://www.geoconnections.org/nap/metadata/register/napMetadataRegister.xml#IC_87" codeListValue="RI_366">revision</gmd:CI_DateTypeCode></gmd:dateType></gmd:CI_Date></gmd:date><gmd:citedResponsibleParty><gmd:CI_ResponsibleParty><gmd:organisationName><gco:CharacterString>Library and Archives Canada</gco:CharacterString></gmd:organisationName><gmd:role><gmd:CI_RoleCode codeList="http://www.geoconnections.org/nap/metadata/register/napMetadataRegister.xml#IC_90" codeListValue="RI_414">originator</gmd:CI_RoleCode></gmd:role></gmd:CI_ResponsibleParty></gmd:citedResponsibleParty></gmd:CI_Citation></gmd:thesaurusName></gmd:MD_Keywords></gmd:descriptiveKeywords><gmd:descriptiveKeywords><gmd:MD_Keywords><gmd:keyword><gco:CharacterString>Continent &gt; North America &gt; Canada &gt; Ontario</gco:CharacterString></gmd:keyword><gmd:type><gmd:MD_KeywordTypeCode codeList="http://www.isotc211.org/2005/resources/Codelist/gmxCodelists.xml#MD_KeywordTypeCode" codeListValue="place" codeSpace="ISOTC211/19115">place</gmd:MD_KeywordTypeCode></gmd:type><gmd:thesaurusName><gmd:CI_Citation><gmd:title><gco:CharacterString>Global Change Master Directory (GCMD) Location Keywords</gco:CharacterString></gmd:title><gmd:date><gmd:CI_Date><gmd:date><gco:Date>2007</gco:Date></gmd:date><gmd:dateType><gmd:CI_DateTypeCode codeList="http://www.isotc211.org/2005/resources/Codelist/gmxCodelists.xml#CI_DateTypeCode" codeListValue="creation">creation</gmd:CI_DateTypeCode></gmd:dateType></gmd:CI_Date></gmd:date><gmd:citedResponsibleParty><gmd:CI_ResponsibleParty><gmd:organisationName><gco:CharacterString>NASA/Global Change Master Directory (GCMD)</gco:CharacterString></gmd:organisationName><gmd:role><gmd:CI_RoleCode codeList="http://www.isotc211.org/2005/resources/Codelist/gmxCodelists.xml#CI_RoleCode" codeListValue="originator">originator</gmd:CI_RoleCode></gmd:role></gmd:CI_ResponsibleParty></gmd:citedResponsibleParty></gmd:CI_Citation></gmd:thesaurusName></gmd:MD_Keywords></gmd:descriptiveKeywords></gmd:MD_DataIdentification></gmd:identificationInfo><gmd:dateStamp><gco:Date>2013-01-28</gco:Date></gmd:dateStamp><gmd:metadataStandardName><gco:CharacterString>
            North American Profile of ISO19115:2003 - Geographic Information
        </gco:CharacterString></gmd:metadataStandardName><gmd:metadataStandardVersion><gco:CharacterString>2009</gco:CharacterString></gmd:metadataStandardVersion><gmd:contact><gmd:CI_ResponsibleParty><gmd:organisationName><gco:CharacterString>Scholars Portal, Ontario Council of University Libraries</gco:CharacterString></gmd:organisationName><gmd:contactInfo><gmd:CI_Contact><gmd:address><gmd:CI_Address><gmd:city><gco:CharacterString>Toronto</gco:CharacterString></gmd:city><gmd:administrativeArea><gco:CharacterString>Ontario</gco:CharacterString></gmd:administrativeArea><gmd:country><gco:CharacterString>Canada</gco:CharacterString></gmd:country></gmd:CI_Address></gmd:address><gmd:onlineResource><gmd:CI_OnlineResource><gmd:linkage><gmd:URL/></gmd:linkage></gmd:CI_OnlineResource></gmd:onlineResource><gmd:contactInstructions><gco:CharacterString>gis@scholarsportal.info</gco:CharacterString></gmd:contactInstructions></gmd:CI_Contact></gmd:contactInfo><gmd:role><gmd:CI_RoleCode codeList="http://www.isotc211.org/2005/resources/Codelist/gmxCodelists.xml#CI_RoleCode" codeListValue="pointOfContact" codeSpace="002">pointOfContact</gmd:CI_RoleCode></gmd:role></gmd:CI_ResponsibleParty></gmd:contact><gmd:spatialRepresentationInfo><gmd:MD_VectorSpatialRepresentation><gmd:geometricObjects><gmd:MD_GeometricObjects><gmd:geometricObjectType><gmd:MD_GeometricObjectTypeCode codeList="http://www.isotc211.org/2005/resources/Codelist/gmxCodelists.xml#MD_GeometricObjectTypeCode" codeListValue="point" codeSpace="003">point</gmd:MD_GeometricObjectTypeCode></gmd:geometricObjectType><gmd:geometricObjectCount><gco:Integer>390</gco:Integer></gmd:geometricObjectCount></gmd:MD_GeometricObjects></gmd:geometricObjects></gmd:MD_VectorSpatialRepresentation></gmd:spatialRepresentationInfo><gmd:referenceSystemInfo><gmd:MD_ReferenceSystem><gmd:referenceSystemIdentifier><gmd:RS_Identifier><gmd:code><gco:CharacterString>4269</gco:CharacterString></gmd:code><gmd:codeSpace><gco:CharacterString>http://www.epsg-registry.org/</gco:CharacterString></gmd:codeSpace></gmd:RS_Identifier></gmd:referenceSystemIdentifier></gmd:MD_ReferenceSystem></gmd:referenceSystemInfo><sp:sp-custom><theme-keyword xmlns="">MINISTRY OF HEALTH AND LONG-TERM CARE</theme-keyword><theme-keyword xmlns="">HEALTH CARE PROVIDERS</theme-keyword><theme-keyword xmlns="">HOSPITALS</theme-keyword><theme-keyword xmlns="">HEALTH</theme-keyword><theme-keyword xmlns="">PUBLIC HEALTH</theme-keyword><theme-keyword-cst xmlns="">Health</theme-keyword-cst><theme-keyword-cst xmlns="">Santé</theme-keyword-cst><theme-keyword-cst xmlns="">Health care</theme-keyword-cst><theme-keyword-cst xmlns="">Soins de santé</theme-keyword-cst><theme-keyword-cst xmlns="">Health professionals</theme-keyword-cst><theme-keyword-cst xmlns="">Professionnel de la santé</theme-keyword-cst><place-category xmlns="">Continent</place-category><place-type xmlns="">North America</place-type><place-subregion1 xmlns="">Canada</place-subregion1><place-subregion2 xmlns="">Ontario</place-subregion2><sp:production-date>2013-02-28-05:00</sp:production-date><sp:publish-date>2011-12-30</sp:publish-date><sp:publisher>Ontario Ministry of Health and Long-Term Care</sp:publisher><sp:spatialResolution/><userguides xmlns=""/><externalguides xmlns=""/><holdings xmlns="">/zips/OGDE/OGDE_MOH_HOSPL.zip</holdings><notdownloadable xmlns="">0</notdownloadable><notqueryable xmlns="">0</notqueryable></sp:sp-custom><gmd:distributionInfo><gmd:MD_Distribution><gmd:transferOptions><gmd:MD_DigitalTransferOptions><gmd:transferSize><gco:Real/></gmd:transferSize><gmd:online><gmd:CI_OnlineResource><gmd:linkage><gmd:URL>/ArcGIS/rest/services/OGDE/OGDE_MOH_HOSPL/MapServer</gmd:URL></gmd:linkage><gmd:protocol><gco:CharacterString>http</gco:CharacterString></gmd:protocol><gmd:description><gco:CharacterString>Tiled map service (vector)</gco:CharacterString></gmd:description></gmd:CI_OnlineResource></gmd:online></gmd:MD_DigitalTransferOptions></gmd:transferOptions><gmd:distributor><gmd:MD_Distributor><gmd:distributorContact><gmd:CI_ResponsibleParty><gmd:organisationName><gco:CharacterString>Ontario Geospatial Data Exchange (OGDE), Ministry of Natural Resources (OMNR)</gco:CharacterString></gmd:organisationName><gmd:contactInfo><gmd:CI_Contact><gmd:address><gmd:CI_Address><gmd:city><gco:CharacterString>Peterborough</gco:CharacterString></gmd:city><gmd:administrativeArea><gco:CharacterString>Ontario</gco:CharacterString></gmd:administrativeArea><gmd:country><gco:CharacterString>Canada</gco:CharacterString></gmd:country><gmd:linkage><gmd:URL/></gmd:linkage></gmd:CI_Address></gmd:address><gmd:onlineResource><gmd:CI_OnlineResource><gmd:linkage><gmd:URL/></gmd:linkage></gmd:CI_OnlineResource></gmd:onlineResource></gmd:CI_Contact></gmd:contactInfo><gmd:role><gmd:CI_RoleCode codeList="http://www.isotc211.org/2005/resources/Codelist/gmxCodelists.xml#CI_RoleCode" codeListValue="distributor" codeSpace="007">distributor</gmd:CI_RoleCode></gmd:role></gmd:CI_ResponsibleParty></gmd:distributorContact></gmd:MD_Distributor></gmd:distributor></gmd:MD_Distribution></gmd:distributionInfo><gmd:dataQualityInfo><gmd:DQ_DataQuality><gmd:scope><gmd:DQ_Scope><gmd:level><gmd:MD_ScopeCode codeList="http://www.tc211.org/ISO19139/resources/codeList.xml#MD_ScopeCode" codeListValue="dataset">dataset</gmd:MD_ScopeCode></gmd:level></gmd:DQ_Scope></gmd:scope><gmd:lineage><gmd:LI_Lineage><gmd:statement><gco:CharacterString/></gmd:statement><gmd:processStep><gmd:LI_ProcessStep><gmd:description><gco:CharacterString>Caveats: All geographic locations were geocoded by postal codes or street addresses, as supplied. The geocoding process used the Statistics Canadas Postal Code Conversion File (PCCF) and the Ontario Road Network (ORN) data. Some locations were approximate to the physical locations due to the fact that the postal codes or street addresses could not be matched to the PCCF or ORN. This data was collected from best and available sources at the time of development, and may become outdated over time. This data may not contain all health service provider locations. MOHLTC continues to improve and enhance the dataset on an ongoing basis.</gco:CharacterString></gmd:description></gmd:LI_ProcessStep></gmd:processStep></gmd:LI_Lineage></gmd:lineage></gmd:DQ_DataQuality></gmd:dataQualityInfo><gmd:metadataMaintenance><gmd:MD_MaintenanceInformation><gmd:maintenanceNote><gco:CharacterString>d525ee3d-79fd-42bf-a1c6-030258d6f30c</gco:CharacterString></gmd:maintenanceNote><gmd:contact><gmd:CI_ResponsibleParty><gmd:organisationName><gco:CharacterString>Ministry of Health and Long-Term Care</gco:CharacterString></gmd:organisationName><gmd:contactInfo><gmd:CI_Contact><gmd:address><gmd:CI_Address><gmd:city><gco:CharacterString/></gmd:city><gmd:administrativeArea><gco:CharacterString>Ontario</gco:CharacterString></gmd:administrativeArea><gmd:country><gco:CharacterString>Canada</gco:CharacterString></gmd:country></gmd:CI_Address></gmd:address></gmd:CI_Contact></gmd:contactInfo><gmd:role><gmd:CI_RoleCode codeList="http://www.isotc211.org/2005/resources/Codelist/gmxCodelists.xml#CI_RoleCode" codeListValue="custodian" codeSpace="002">custodian</gmd:CI_RoleCode></gmd:role></gmd:CI_ResponsibleParty></gmd:contact><gmd:contact><gmd:CI_ResponsibleParty><gmd:organisationName><gco:CharacterString>Scholars Portal, Ontario Council of University Libraries</gco:CharacterString></gmd:organisationName><gmd:contactInfo><gmd:CI_Contact><gmd:address><gmd:CI_Address><gmd:city><gco:CharacterString>Toronto</gco:CharacterString></gmd:city><gmd:administrativeArea><gco:CharacterString>Ontario</gco:CharacterString></gmd:administrativeArea><gmd:country><gco:CharacterString>Canada</gco:CharacterString></gmd:country></gmd:CI_Address></gmd:address></gmd:CI_Contact></gmd:contactInfo><gmd:role><gmd:CI_RoleCode codeList="http://www.isotc211.org/2005/resources/Codelist/gmxCodelists.xml#CI_RoleCode" codeListValue="pointOfContact" codeSpace="002">pointOfContact</gmd:CI_RoleCode></gmd:role></gmd:CI_ResponsibleParty></gmd:contact></gmd:MD_MaintenanceInformation></gmd:metadataMaintenance></gmd:MD_Metadata>
