<?xml version="1.0" encoding="UTF-8"?>
<gmd:MD_Metadata xsi:schemaLocation="http://www.isotc211.org/2005/gmd http://schemas.opengis.net/iso/19139/20060504/gmd/gmd.xsd" xmlns:gmd="http://www.isotc211.org/2005/gmd" xmlns:napm="http://www.geoconnections.org/nap/napMetadataTools/napXsd/napm" xmlns:xsi="http://www.w3.org/2001/XMLSchema-instance">
  <gmd:fileIdentifier>
    <gco:CharacterString xmlns:gco="http://www.isotc211.org/2005/gco">80547153</gco:CharacterString></gmd:fileIdentifier>
  <gmd:language>
    <gco:CharacterString xmlns:gco="http://www.isotc211.org/2005/gco">eng; CAN</gco:CharacterString>
  </gmd:language>
  <gmd:characterSet>
    <gmd:MD_CharacterSetCode codeList="http://www.isotc211.org/2005/resources/Codelist/gmxCodelists.xml#MD_CharacterSetCode" codeListValue="utf8" codeSpace="004">utf8</gmd:MD_CharacterSetCode>
  </gmd:characterSet>
  <gmd:hierarchyLevel>
    <gmd:MD_ScopeCode codeList="http://www.isotc211.org/2005/resources/Codelist/gmxCodelists.xml#MD_ScopeCode" codeListValue="MD_ScopeCode_series" codeSpace="005">MD_ScopeCode_series</gmd:MD_ScopeCode>
  </gmd:hierarchyLevel>
  <gmd:contact>
    <gmd:CI_ResponsibleParty>
      <gmd:organisationName>
        <gco:CharacterString xmlns:gco="http://www.isotc211.org/2005/gco">Scholars Portal, Ontario Council of University Libraries</gco:CharacterString>
      </gmd:organisationName>
      <gmd:contactInfo>
        <gmd:CI_Contact>
          <gmd:address>
            <gmd:CI_Address>
              <gmd:city>
                <gco:CharacterString xmlns:gco="http://www.isotc211.org/2005/gco">Toronto</gco:CharacterString>
              </gmd:city>
              <gmd:administrativeArea>
                <gco:CharacterString xmlns:gco="http://www.isotc211.org/2005/gco">Ontario</gco:CharacterString>
              </gmd:administrativeArea>
              <gmd:country>
                <gco:CharacterString xmlns:gco="http://www.isotc211.org/2005/gco">Canada</gco:CharacterString>
              </gmd:country>
            </gmd:CI_Address>
          </gmd:address>
          <gmd:onlineResource>
            <gmd:CI_OnlineResource>
              <gmd:linkage>
                <gmd:URL>http://scholarsportal.info</gmd:URL>
              </gmd:linkage>
            </gmd:CI_OnlineResource>
          </gmd:onlineResource>
          <gmd:contactInstructions>
            <gco:CharacterString xmlns:gco="http://www.isotc211.org/2005/gco">datagis@scholarsportal.info</gco:CharacterString>
          </gmd:contactInstructions>
        </gmd:CI_Contact>
      </gmd:contactInfo>
      <gmd:role>
        <gmd:CI_RoleCode codeList="http://www.isotc211.org/2005/resources/Codelist/gmxCodelists.xml#CI_RoleCode" codeListValue="pointOfContact" codeSpace="002">pointOfContact</gmd:CI_RoleCode>
      </gmd:role>
    </gmd:CI_ResponsibleParty>
  </gmd:contact>
  <gmd:dateStamp>
    <gco:Date xmlns:gco="http://www.isotc211.org/2005/gco">2021-05-11</gco:Date></gmd:dateStamp>
  <gmd:metadataStandardName>
    <gco:CharacterString xmlns:gco="http://www.isotc211.org/2005/gco">ISO 19115-2</gco:CharacterString>
  </gmd:metadataStandardName>
  <gmd:metadataStandardVersion>
    <gco:CharacterString xmlns:gco="http://www.isotc211.org/2005/gco">2009-02-15</gco:CharacterString>
  </gmd:metadataStandardVersion>
  <gmd:spatialRepresentationInfo>
    <gmd:MD_VectorSpatialRepresentation>
      <gmd:geometricObjects>
        <gmd:MD_GeometricObjects>
          <gmd:geometricObjectType>
            <gmd:MD_GeometricObjectTypeCode codeList="http://www.isotc211.org/2005/resources/Codelist/gmxCodelists.xml#MD_GeometricObjectTypeCode" codeListValue="point" codeSpace="ISOTC211/19115">point</gmd:MD_GeometricObjectTypeCode>
          </gmd:geometricObjectType>
        </gmd:MD_GeometricObjects>
      </gmd:geometricObjects>
    </gmd:MD_VectorSpatialRepresentation>
  </gmd:spatialRepresentationInfo>
  <gmd:referenceSystemInfo>
    <gmd:MD_ReferenceSystem>
      <gmd:referenceSystemIdentifier>
        <gmd:RS_Identifier>
          <gmd:code>
            <gco:CharacterString xmlns:gco="http://www.isotc211.org/2005/gco">4326</gco:CharacterString>
          </gmd:code>
          <gmd:codeSpace>
            <gco:CharacterString xmlns:gco="http://www.isotc211.org/2005/gco">http://www.epsg-registry.org/</gco:CharacterString>
          </gmd:codeSpace>
        </gmd:RS_Identifier>
      </gmd:referenceSystemIdentifier>
    </gmd:MD_ReferenceSystem>
  </gmd:referenceSystemInfo>
  <gmd:identificationInfo>
    <gmd:MD_DataIdentification>
      <gmd:citation>
        <gmd:CI_Citation>
          <gmd:title>
            <gco:CharacterString xmlns:gco="http://www.isotc211.org/2005/gco">Education Point</gco:CharacterString></gmd:title>
          <gmd:alternateTitle>
            <gco:CharacterString xmlns:gco="http://www.isotc211.org/2005/gco">EducationPoint</gco:CharacterString></gmd:alternateTitle>
          <gmd:date>
              <gmd:CI_Date>
                  <gmd:date>
                      <gco:Date xmlns:gco="http://www.isotc211.org/2005/gco">2015-04-01</gco:Date></gmd:date>
                  <gmd:dateType>
                      <gmd:CI_DateTypeCode codeList="http://www.isotc211.org/2005/resources/Codelist/gmxCodelists.xml#CI_DateTypeCode" codeListValue="publication" codeSpace="002">publication</gmd:CI_DateTypeCode>
                  </gmd:dateType>
              </gmd:CI_Date>
          </gmd:date>
          <gmd:date>
              <gmd:CI_Date>
                  <gmd:date>
                      <gco:Date xmlns:gco="http://www.isotc211.org/2005/gco">2020-09-15</gco:Date>
                  </gmd:date>
                  <gmd:dateType>
                      <gmd:CI_DateTypeCode codeList="http://www.isotc211.org/2005/resources/Codelist/gmxCodelists.xml#CI_DateTypeCode" codeListValue="revision" codeSpace="002">revision</gmd:CI_DateTypeCode>
                  </gmd:dateType>
              </gmd:CI_Date>
          </gmd:date>
          <gmd:edition>
            <gco:CharacterString xmlns:gco="http://www.isotc211.org/2005/gco"/>
          </gmd:edition>
          <gmd:series>
              <gmd:CI_Series>
                  <gmd:name>
                      <gco:CharacterString xmlns:gco="http://www.isotc211.org/2005/gco">CanMap Content Suite</gco:CharacterString>
                  </gmd:name>
              </gmd:CI_Series>
          </gmd:series>
          <gmd:citedResponsibleParty>
              <gmd:CI_ResponsibleParty>
                  <gmd:organisationName>
                      <gco:CharacterString xmlns:gco="http://www.isotc211.org/2005/gco">DMTI Spatial Inc.</gco:CharacterString>
                  </gmd:organisationName>
                  <gmd:contactInfo>
                      <gmd:CI_Contact>
                          <gmd:address>
                              <gmd:CI_Address>
                                  <gmd:city>
                                      <gco:CharacterString xmlns:gco="http://www.isotc211.org/2005/gco">Markham</gco:CharacterString>
                                  </gmd:city>
                                  <gmd:administrativeArea>
                                      <gco:CharacterString xmlns:gco="http://www.isotc211.org/2005/gco">Ontario</gco:CharacterString>
                                  </gmd:administrativeArea>
                                  <gmd:country>
                                      <gco:CharacterString xmlns:gco="http://www.isotc211.org/2005/gco">Canada</gco:CharacterString>
                                  </gmd:country>
                              </gmd:CI_Address>
                          </gmd:address>
                      </gmd:CI_Contact>
                  </gmd:contactInfo>
                  <gmd:role>
                      <gmd:CI_RoleCode codeList="http://www.isotc211.org/2005/resources/Codelist/gmxCodelists.xml#CI_RoleCode" codeListValue="publisher" codeSpace="002">publisher</gmd:CI_RoleCode>
                  </gmd:role>
              </gmd:CI_ResponsibleParty>
          </gmd:citedResponsibleParty>
        </gmd:CI_Citation>
      </gmd:citation>
      <gmd:abstract>
        <gco:CharacterString xmlns:gco="http://www.isotc211.org/2005/gco">&lt;p&gt;The Education layer includes the point locations of Elementary Schools, High Schools, Colleges, Cégeps and Universities. &lt;/p&gt;&lt;p&gt;All locations are classified using the North America Standard Industry Classification System (NAICS) and Standard Industry Classification (SIC), for further analysis. There is also additional information about teaching languages and grade levels. Additional tables and supporting documentation are available in the Data Dictionary and User Manual.&lt;/p&gt;</gco:CharacterString></gmd:abstract>
      <gmd:purpose>
        <gco:CharacterString xmlns:gco="http://www.isotc211.org/2005/gco"/>
      </gmd:purpose>
      <gmd:status>
        <gmd:MD_ProgressCode codeList="http://www.isotc211.org/2005/resources/Codelist/gmxCodelists.xml#MD_ProgressCode" codeListValue="completed" codeSpace="001">completed</gmd:MD_ProgressCode>
      </gmd:status>
      <gmd:resourceMaintenance>
        <gmd:MD_MaintenanceInformation>
          <gmd:maintenanceAndUpdateFrequency>
            <gmd:MD_MaintenanceFrequencyCode codeList="http://www.isotc211.org/2005/resources/Codelist/gmxCodelists.xml#MD_MaintenanceFrequencyCode" codeListValue="quarterly" codeSpace="006">quarterly</gmd:MD_MaintenanceFrequencyCode>
          </gmd:maintenanceAndUpdateFrequency>
        </gmd:MD_MaintenanceInformation>
      </gmd:resourceMaintenance>
      <gmd:resourceMaintenance/>
      <gmd:resourceConstraints>
          <gmd:MD_Constraints/>
          <gmd:MD_LegalConstraints>
              <gmd:accessConstraints>
                  <gmd:MD_RestrictionCode codeList="http://www.isotc211.org/2005/resources/Codelist/gmxCodelists.xml#MD_RestrictionCode" codeListValue="license" codeSpace="008">license</gmd:MD_RestrictionCode>
              </gmd:accessConstraints>
              <gmd:useConstraints>
                  <gmd:MD_RestrictionCode codeList="http://www.isotc211.org/2005/resources/Codelist/gmxCodelists.xml#MD_RestrictionCode" codeListValue="restricted" codeSpace="008">restricted</gmd:MD_RestrictionCode>
              </gmd:useConstraints>
              <gmd:otherConstraints>
                  <gco:CharacterString xmlns:gco="http://www.isotc211.org/2005/gco">
                      The data is restricted to use by current students, faculty and staff at Ontario Universities who are members of the DMTI Spatial Mapping Academic Research Tools (SMART) Consortium. <a href="http://mdl.library.utoronto.ca/geographic-information-systems-gis/dmti-data"> For more information </a>
                  </gco:CharacterString>
              </gmd:otherConstraints>
          </gmd:MD_LegalConstraints>
      </gmd:resourceConstraints>
      <gmd:spatialRepresentationType>
        <gmd:MD_SpatialRepresentationTypeCode codeList="http://www.isotc211.org/2005/resources/Codelist/gmxCodelists.xml#MD_SpatialRepresentationTypeCode" codeListValue="vector" codeSpace="001">vector</gmd:MD_SpatialRepresentationTypeCode>
      </gmd:spatialRepresentationType>
      <gmd:language>
        <gco:CharacterString xmlns:gco="http://www.isotc211.org/2005/gco">eng; CAN</gco:CharacterString>
      </gmd:language>
      <gmd:environmentDescription>
        <gco:CharacterString xmlns:gco="http://www.isotc211.org/2005/gco">Microsoft Windows 7 Version 6.1 (Build 7601) Service Pack 1; Esri ArcGIS 10.4.1.5686</gco:CharacterString>
      </gmd:environmentDescription>
      <gmd:extent>
        <gmd:EX_Extent>
          <gmd:geographicElement>
            <gmd:EX_GeographicBoundingBox>
              <gmd:westBoundLongitude>
                <gco:Decimal xmlns:gco="http://www.isotc211.org/2005/gco">-140.875303</gco:Decimal></gmd:westBoundLongitude>
              <gmd:eastBoundLongitude>
                <gco:Decimal xmlns:gco="http://www.isotc211.org/2005/gco">-52.690577</gco:Decimal></gmd:eastBoundLongitude>
              <gmd:southBoundLatitude>
                <gco:Decimal xmlns:gco="http://www.isotc211.org/2005/gco">41.8076806</gco:Decimal></gmd:southBoundLatitude>
              <gmd:northBoundLatitude>
                <gco:Decimal xmlns:gco="http://www.isotc211.org/2005/gco">76.4108</gco:Decimal></gmd:northBoundLatitude>
              <boundingbox>
                <area>3051.46660303</area><upperleft>
                  <Point xmlns="http://earth.google.com/kml/2.0">
                    <coordinates>-140.875303, 76.4108</coordinates></Point>
                </upperleft>
                <upperright>
                  <Point xmlns="http://earth.google.com/kml/2.0">
                    <coordinates>-52.690577, 76.4108</coordinates></Point>
                </upperright>
                <lowerleft>
                  <Point xmlns="http://earth.google.com/kml/2.0">
                    <coordinates>-140.875303, 41.8076806</coordinates></Point>
                </lowerleft>
                <lowerright>
                  <Point xmlns="http://earth.google.com/kml/2.0">
                    <coordinates>-52.690577, 41.8076806</coordinates></Point>
                </lowerright>
              </boundingbox>
            </gmd:EX_GeographicBoundingBox>
          </gmd:geographicElement>
          <gmd:temporalElement>
              <gmd:EX_TemporalExtent>
                  <gmd:extent>
                      <gml:TimePeriod gml:id="boundingTemporalExtent" xmlns:gml="http://www.opengis.net/gml/3.2">
                      </gml:TimePeriod>
                  </gmd:extent>
              </gmd:EX_TemporalExtent>
          </gmd:temporalElement>
          <gmd:description/>
        </gmd:EX_Extent>
      </gmd:extent>
      <gmd:supplementalInformation>
        <gco:CharacterString xmlns:gco="http://www.isotc211.org/2005/gco"/>
      </gmd:supplementalInformation>
      <gmd:characterSet>
        <gmd:MD_CharacterSetCode codeList="http://www.isotc211.org/2005/resources/Codelist/gmxCodelists.xml#MD_CharacterSetCode" codeListValue=""/>
      </gmd:characterSet>
      <gmd:topicCategory>
        <gmd:MD_TopicCategoryCode codeList="http://www.isotc211.org/2005/resources/Codelist/gmxCodelists.xml#MD_TopicCategory" codeListValue="society" codeSpace="001">society</gmd:MD_TopicCategoryCode></gmd:topicCategory>
      <gmd:graphicOverview>
        <gmd:MD_BrowseGraphic>
          <gmd:fileName>
            <gco:CharacterString xmlns:gco="http://www.isotc211.org/2005/gco">http://images.scholarsportal.info/gis/thumbnails/DMTI/DMTI_2020_CMCS_EducationPoint.png</gco:CharacterString></gmd:fileName>
          <gmd:fileDescription>
            <gco:CharacterString xmlns:gco="http://www.isotc211.org/2005/gco">Thumbnail</gco:CharacterString>
          </gmd:fileDescription>
          <gmd:fileType xsi:type="napm:napMD_FileFormatCode_PropertyType" codeList="http://www.geoconnections.org/nap/metadata/register/napMetadataRegister.xml#IC_115" codeListValue="RI_711">
            <gco:CharacterString xmlns:gco="http://www.isotc211.org/2005/gco">png</gco:CharacterString>
          </gmd:fileType>
        </gmd:MD_BrowseGraphic>
      </gmd:graphicOverview>
      <gmd:spatialResolution>
        <gmd:MD_Resolution>
          <gmd:equivalentScale>
            <gmd:MD_RepresentativeFraction>
              <gmd:denominator>
                <gco:Integer xmlns:gco="http://www.isotc211.org/2005/gco">1000</gco:Integer>
              </gmd:denominator>
            </gmd:MD_RepresentativeFraction>
          </gmd:equivalentScale>
        </gmd:MD_Resolution>
      </gmd:spatialResolution>
      <gmd:spatialResolution>
        <gmd:MD_Resolution>
          <gmd:equivalentScale>
            <gmd:MD_RepresentativeFraction>
              <gmd:denominator>
                <gco:Integer xmlns:gco="http://www.isotc211.org/2005/gco">50000</gco:Integer>
              </gmd:denominator>
            </gmd:MD_RepresentativeFraction>
          </gmd:equivalentScale>
        </gmd:MD_Resolution>
      </gmd:spatialResolution>
      <gmd:descriptiveKeywords>
        <gmd:MD_Keywords>
          <gmd:type>
            <gmd:MD_KeywordTypeCode codeList="http://www.isotc211.org/2005/resources/Codelist/gmxCodelists.xml#MD_KeywordTypeCode" codeListValue="theme" codeSpace="005">theme</gmd:MD_KeywordTypeCode>
          </gmd:type>
          <gmd:thesaurusName>
            <gmd:CI_Citation>
              <gmd:title>
                <gco:CharacterString xmlns:gco="http://www.isotc211.org/2005/gco">Government of Canada Core Subject Thesaurus</gco:CharacterString>
              </gmd:title>
              <gmd:date>
                <gmd:CI_Date>
                  <gmd:date>
                    <gco:Date xmlns:gco="http://www.isotc211.org/2005/gco">May 16, 2011</gco:Date>
                  </gmd:date>
                  <gmd:dateType>
                    <gmd:CI_DateTypeCode codeList="http://www.geoconnections.org/nap/metadata/register/napMetadataRegister.xml#IC_87" codeListValue="RI_366">revision</gmd:CI_DateTypeCode>
                  </gmd:dateType>
                </gmd:CI_Date>
              </gmd:date>
            </gmd:CI_Citation>
          </gmd:thesaurusName>
        <gmd:keyword><gco:CharacterString xmlns:gco="http://www.isotc211.org/2005/gco">Schools</gco:CharacterString></gmd:keyword><gmd:keyword><gco:CharacterString xmlns:gco="http://www.isotc211.org/2005/gco">École</gco:CharacterString></gmd:keyword><gmd:keyword><gco:CharacterString xmlns:gco="http://www.isotc211.org/2005/gco">Colleges</gco:CharacterString></gmd:keyword><gmd:keyword><gco:CharacterString xmlns:gco="http://www.isotc211.org/2005/gco">Collège</gco:CharacterString></gmd:keyword><gmd:keyword><gco:CharacterString xmlns:gco="http://www.isotc211.org/2005/gco">Universities</gco:CharacterString></gmd:keyword><gmd:keyword><gco:CharacterString xmlns:gco="http://www.isotc211.org/2005/gco">Université</gco:CharacterString></gmd:keyword><gmd:keyword><gco:CharacterString xmlns:gco="http://www.isotc211.org/2005/gco">Education</gco:CharacterString></gmd:keyword><gmd:keyword><gco:CharacterString xmlns:gco="http://www.isotc211.org/2005/gco">Éducation / Enseignement</gco:CharacterString></gmd:keyword></gmd:MD_Keywords>
      </gmd:descriptiveKeywords>
      <gmd:descriptiveKeywords>
        <gmd:MD_Keywords>
          <gmd:keyword>
            <gco:CharacterString xmlns:gco="http://www.isotc211.org/2005/gco">Continent &gt; North America &gt; Canada</gco:CharacterString>
          </gmd:keyword>
          <gmd:type>
            <gmd:MD_KeywordTypeCode codeList="http://www.isotc211.org/2005/resources/Codelist/gmxCodelists.xml#MD_KeywordTypeCode" codeListValue="place" codeSpace="ISOTC211/19115">place</gmd:MD_KeywordTypeCode>
          </gmd:type>
          <gmd:thesaurusName>
            <gmd:CI_Citation>
              <gmd:title>
                <gco:CharacterString xmlns:gco="http://www.isotc211.org/2005/gco">Global Change Master Directory (GCMD) Location Keywords</gco:CharacterString>
              </gmd:title>
              <gmd:date>
                <gmd:CI_Date>
                  <gmd:date>
                    <gco:Date xmlns:gco="http://www.isotc211.org/2005/gco">2007</gco:Date>
                  </gmd:date>
                  <gmd:dateType>
                    <gmd:CI_DateTypeCode codeList="http://www.isotc211.org/2005/resources/Codelist/gmxCodelists.xml#CI_DateTypeCode" codeListValue="creation">creation</gmd:CI_DateTypeCode>
                  </gmd:dateType>
                </gmd:CI_Date>
              </gmd:date>
              <gmd:citedResponsibleParty>
                <gmd:CI_ResponsibleParty>
                  <gmd:organisationName>
                    <gco:CharacterString xmlns:gco="http://www.isotc211.org/2005/gco">NASA/Global Change Master Directory (GCMD)</gco:CharacterString>
                  </gmd:organisationName>
                  <gmd:role>
                    <gmd:CI_RoleCode codeList="http://www.isotc211.org/2005/resources/Codelist/gmxCodelists.xml#CI_RoleCode" codeListValue="originator">originator</gmd:CI_RoleCode>
                  </gmd:role>
                </gmd:CI_ResponsibleParty>
              </gmd:citedResponsibleParty>
            </gmd:CI_Citation>
          </gmd:thesaurusName>
        </gmd:MD_Keywords>
      </gmd:descriptiveKeywords>
      <gmd:descriptiveKeywords>
        <gmd:MD_Keywords>
          <gmd:type>
            <gmd:MD_KeywordTypeCode codeList="http://www.isotc211.org/2005/resources/Codelist/gmxCodelists.xml#MD_KeywordTypeCode" codeListValue="theme" codeSpace="005">theme</gmd:MD_KeywordTypeCode>
          </gmd:type>
          <gmd:thesaurusName>
            <gmd:CI_Citation>
              <gmd:title>
                <gco:CharacterString xmlns:gco="http://www.isotc211.org/2005/gco">NA</gco:CharacterString>
              </gmd:title>
            <gmd:date>
              <gmd:CI_Date>
                <gmd:date>
                  <gco:Date xmlns:gco="http://www.isotc211.org/2005/gco"/>
                </gmd:date>
              </gmd:CI_Date>
            </gmd:date>
            </gmd:CI_Citation>
          </gmd:thesaurusName>
        <gmd:keyword><gco:CharacterString xmlns:gco="http://www.isotc211.org/2005/gco">High Schools</gco:CharacterString></gmd:keyword><gmd:keyword><gco:CharacterString xmlns:gco="http://www.isotc211.org/2005/gco">Middle Schools</gco:CharacterString></gmd:keyword><gmd:keyword><gco:CharacterString xmlns:gco="http://www.isotc211.org/2005/gco">Elementary Schools</gco:CharacterString></gmd:keyword><gmd:keyword><gco:CharacterString xmlns:gco="http://www.isotc211.org/2005/gco">Teaching Facilities</gco:CharacterString></gmd:keyword><gmd:keyword><gco:CharacterString xmlns:gco="http://www.isotc211.org/2005/gco">Public Schools</gco:CharacterString></gmd:keyword></gmd:MD_Keywords>
        </gmd:descriptiveKeywords>
    </gmd:MD_DataIdentification>
  </gmd:identificationInfo>
  <gmd:distributionInfo>
    <gmd:MD_Distribution>
      <gmd:transferOptions>
        <gmd:MD_DigitalTransferOptions>
          <gmd:transferSize>
            <gco:Real xmlns:gco="http://www.isotc211.org/2005/gco"/>
          </gmd:transferSize>
        <gmd:online>
        <gmd:CI_OnlineResource>
            <gmd:linkage>
                <gmd:URL>/ArcGIS/rest/services/DMTI/DMTI_2020_CMCS_EducationPoint/MapServer</gmd:URL></gmd:linkage>
            <gmd:protocol>
                <gco:CharacterString xmlns:gco="http://www.isotc211.org/2005/gco">http</gco:CharacterString>
            </gmd:protocol>
            <gmd:description>
                <gco:CharacterString xmlns:gco="http://www.isotc211.org/2005/gco">Tiled map service (vector) {2020} &lt;uri:/NAP/DMTI_2020_CMCS_EducationPoint.xml&gt;</gco:CharacterString></gmd:description>
        </gmd:CI_OnlineResource>
    </gmd:online>
<gmd:online>
        <gmd:CI_OnlineResource>
            <gmd:linkage>
                <gmd:URL>/ArcGIS/rest/services/DMTI/DMTI_2019_CMCS_EducationPoint/MapServer</gmd:URL></gmd:linkage>
            <gmd:protocol>
                <gco:CharacterString xmlns:gco="http://www.isotc211.org/2005/gco">http</gco:CharacterString>
            </gmd:protocol>
            <gmd:description>
                <gco:CharacterString xmlns:gco="http://www.isotc211.org/2005/gco">Tiled map service (vector) {2019} &lt;uri:/NAP/DMTI_2019_CMCS_EducationPoint.xml&gt;</gco:CharacterString></gmd:description>
        </gmd:CI_OnlineResource>
    </gmd:online>
<gmd:online>
        <gmd:CI_OnlineResource>
            <gmd:linkage>
                <gmd:URL>/ArcGIS/rest/services/DMTI/DMTI_2018_CMCS_EducationPoint/MapServer</gmd:URL></gmd:linkage>
            <gmd:protocol>
                <gco:CharacterString xmlns:gco="http://www.isotc211.org/2005/gco">http</gco:CharacterString>
            </gmd:protocol>
            <gmd:description>
                <gco:CharacterString xmlns:gco="http://www.isotc211.org/2005/gco">Tiled map service (vector) {2018} &lt;uri:/NAP/DMTI_2018_CMCS_EducationPoint.xml&gt;</gco:CharacterString></gmd:description>
        </gmd:CI_OnlineResource>
    </gmd:online>
<gmd:online>
        <gmd:CI_OnlineResource>
            <gmd:linkage>
                <gmd:URL>/ArcGIS/rest/services/DMTI/DMTI_2017_CMCS_EducationPoint/MapServer</gmd:URL></gmd:linkage>
            <gmd:protocol>
                <gco:CharacterString xmlns:gco="http://www.isotc211.org/2005/gco">http</gco:CharacterString>
            </gmd:protocol>
            <gmd:description>
                <gco:CharacterString xmlns:gco="http://www.isotc211.org/2005/gco">Tiled map service (vector) {2017} &lt;uri:/NAP/DMTI_2017_CMCS_EducationPoint.xml&gt;</gco:CharacterString></gmd:description>
        </gmd:CI_OnlineResource>
    </gmd:online>
<gmd:online>
        <gmd:CI_OnlineResource>
            <gmd:linkage>
                <gmd:URL>/ArcGIS/rest/services/DMTI/DMTI_2016_CMCS_EducationPoint/MapServer</gmd:URL></gmd:linkage>
            <gmd:protocol>
                <gco:CharacterString xmlns:gco="http://www.isotc211.org/2005/gco">http</gco:CharacterString>
            </gmd:protocol>
            <gmd:description>
                <gco:CharacterString xmlns:gco="http://www.isotc211.org/2005/gco">Tiled map service (vector) {2016} &lt;uri:/NAP/DMTI_2016_CMCS_EducationPoint.xml&gt;</gco:CharacterString></gmd:description>
        </gmd:CI_OnlineResource>
    </gmd:online>
<gmd:online>
        <gmd:CI_OnlineResource>
            <gmd:linkage>
                <gmd:URL>http:__maps.scholarsportal.info/files/zips/DMTI/DMTI_2015_CMCS_EducationPoint.zip</gmd:URL></gmd:linkage>
            <gmd:protocol>
                <gco:CharacterString xmlns:gco="http://www.isotc211.org/2005/gco">file</gco:CharacterString>
            </gmd:protocol>
            <gmd:description>
                <gco:CharacterString xmlns:gco="http://www.isotc211.org/2005/gco">(vector) {2015} &lt;uri:/NAP/DMTI_2015_CMCS_EducationPoint.xml&gt;</gco:CharacterString></gmd:description>
        </gmd:CI_OnlineResource>
    </gmd:online>
</gmd:MD_DigitalTransferOptions>
      </gmd:transferOptions>
      <gmd:distributor>
          <gmd:MD_Distributor>
              <gmd:distributorContact>
                  <gmd:CI_ResponsibleParty>
                      <gmd:organisationName>
                          <gco:CharacterString xmlns:gco="http://www.isotc211.org/2005/gco">DMTI Spatial Inc.</gco:CharacterString>
                      </gmd:organisationName>
                      <gmd:contactInfo>
                          <gmd:CI_Contact>
                              <gmd:address>
                                  <gmd:CI_Address>
                                      <gmd:city>
                                          <gco:CharacterString xmlns:gco="http://www.isotc211.org/2005/gco">Markham</gco:CharacterString>
                                      </gmd:city>
                                      <gmd:administrativeArea>
                                          <gco:CharacterString xmlns:gco="http://www.isotc211.org/2005/gco">Ontario</gco:CharacterString>
                                      </gmd:administrativeArea>
                                      <gmd:country>
                                          <gco:CharacterString xmlns:gco="http://www.isotc211.org/2005/gco">Canada</gco:CharacterString>
                                      </gmd:country>
                                      <gmd:linkage>
                                          <gmd:URL/>
                                      </gmd:linkage>
                                  </gmd:CI_Address>
                              </gmd:address>
                              <gmd:onlineResource>
                                  <gmd:CI_OnlineResource>
                                      <gmd:linkage>
                                          <gmd:URL/>
                                      </gmd:linkage>
                                  </gmd:CI_OnlineResource>
                              </gmd:onlineResource>
                          </gmd:CI_Contact>
                      </gmd:contactInfo>
                      <gmd:role>
                          <gmd:CI_RoleCode codeList="http://www.isotc211.org/2005/resources/Codelist/gmxCodelists.xml#CI_RoleCode" codeListValue="distributor" codeSpace="007">distributor</gmd:CI_RoleCode>
                      </gmd:role>
                  </gmd:CI_ResponsibleParty>
              </gmd:distributorContact>
          </gmd:MD_Distributor>
      </gmd:distributor>
    </gmd:MD_Distribution>
  </gmd:distributionInfo>
  <gmd:dataQualityInfo>
    <gmd:DQ_DataQuality>
      <gmd:scope>
        <gmd:DQ_Scope>
          <gmd:level>
            <gmd:MD_ScopeCode codeList="http://www.tc211.org/ISO19139/resources/codeList.xml#MD_ScopeCode" codeListValue=""/>
          </gmd:level>
        </gmd:DQ_Scope>
      </gmd:scope>
      <gmd:lineage>
        <gmd:LI_Lineage>
          <gmd:statement>
            <gco:CharacterString xmlns:gco="http://www.isotc211.org/2005/gco"/>
          </gmd:statement>
        </gmd:LI_Lineage>
      </gmd:lineage>
    </gmd:DQ_DataQuality>
  </gmd:dataQualityInfo>
  <gmd:metadataMaintenance>
      <gmd:MD_MaintenanceInformation>
          <gmd:maintenanceNote>
              <gco:CharacterString xmlns:gco="http://www.isotc211.org/2005/gco"/>
          </gmd:maintenanceNote>
          <gmd:contact>
              <gmd:CI_ResponsibleParty>
                  <gmd:organisationName>
                      <gco:CharacterString xmlns:gco="http://www.isotc211.org/2005/gco">DMTI Spatial Inc.
                      </gco:CharacterString>
                  </gmd:organisationName>
                  <gmd:contactInfo>
                      <gmd:CI_Contact>
                          <gmd:address>
                              <gmd:CI_Address>
                                  <gmd:city>
                                      <gco:CharacterString xmlns:gco="http://www.isotc211.org/2005/gco">Markham
                                      </gco:CharacterString>
                                  </gmd:city>
                                  <gmd:administrativeArea>
                                      <gco:CharacterString xmlns:gco="http://www.isotc211.org/2005/gco">Ontario
                                      </gco:CharacterString>
                                  </gmd:administrativeArea>
                                  <gmd:country>
                                      <gco:CharacterString xmlns:gco="http://www.isotc211.org/2005/gco">Canada
                                      </gco:CharacterString>
                                  </gmd:country>
                              </gmd:CI_Address>
                          </gmd:address>
                      </gmd:CI_Contact>
                  </gmd:contactInfo>
                  <gmd:role>
                      <gmd:CI_RoleCode codeList="http://www.isotc211.org/2005/resources/Codelist/gmxCodelists.xml#CI_RoleCode" codeListValue="originator" codeSpace="002">originator</gmd:CI_RoleCode>
                  </gmd:role>
              </gmd:CI_ResponsibleParty>
          </gmd:contact>
          <gmd:contact>
              <gmd:CI_ResponsibleParty>
                  <gmd:organisationName>
                      <gco:CharacterString xmlns:gco="http://www.isotc211.org/2005/gco">Scholars Portal, Ontario Council of University Libraries
                      </gco:CharacterString>
                  </gmd:organisationName>
                  <gmd:contactInfo>
                      <gmd:CI_Contact>
                          <gmd:address>
                              <gmd:CI_Address>
                                  <gmd:city>
                                      <gco:CharacterString xmlns:gco="http://www.isotc211.org/2005/gco">Toronto
                                      </gco:CharacterString>
                                  </gmd:city>
                                  <gmd:administrativeArea>
                                      <gco:CharacterString xmlns:gco="http://www.isotc211.org/2005/gco">Ontario
                                      </gco:CharacterString>
                                  </gmd:administrativeArea>
                                  <gmd:country>
                                      <gco:CharacterString xmlns:gco="http://www.isotc211.org/2005/gco">Canada
                                      </gco:CharacterString>
                                  </gmd:country>
                              </gmd:CI_Address>
                          </gmd:address>
                      </gmd:CI_Contact>
                  </gmd:contactInfo>
                  <gmd:role>
                      <gmd:CI_RoleCode codeList="http://www.isotc211.org/2005/resources/Codelist/gmxCodelists.xml#CI_RoleCode" codeListValue="pointOfContact" codeSpace="002">pointOfContact</gmd:CI_RoleCode>
                  </gmd:role>
              </gmd:CI_ResponsibleParty>
          </gmd:contact>
      </gmd:MD_MaintenanceInformation>
    </gmd:metadataMaintenance>
    <sp:sp-custom xmlns:sp="http://scholarsportal.info">
      <sp:publish-date>2020-09-15</sp:publish-date>
      <sp:publisher/>
      <sp:spatialResolution/>
      <userguides>
      <guide>
          <label>CanMap Content Suite - User Manual 2020.3</label>
          <link>http:__maps.scholarsportal.info/files/pdfs/restricted/DMTI/CanMapCS_2020/UserManual_CanMap_Content_Suite_v2020_3.pdf</link>
        </guide>
        <guide>
          <label>CanMap Content Suite - Release Notes 2020.3</label>
          <link>http:__maps.scholarsportal.info/files/pdfs/restricted/DMTI/CanMapCS_2020/CanMap_Content_Suite_ReleaseNotes_v2020_3.txt</link>
        </guide>
        <guide>
          <label>CanMap Content Suite - Data Dictionary 2020.3</label>
          <link>http:__maps.scholarsportal.info/files/pdfs/restricted/DMTI/CanMapCS_2020/Data_Dictionary_CanMap_Content_Suite_v2020_3.pdf</link>
        </guide>
        <guide>
          <label>CanMap Content Suite - FAQ and Support 2020.3</label>
          <link>http:__maps.scholarsportal.info/files/pdfs/restricted/DMTI/CanMapCS_2020/FAQ_and_Support_CanMap_Content_Suite_v2020_3.pdf</link>
        </guide>
        <guide>
          <label>CanMap Content Suite - Index 2020.3</label>
          <link>http:__maps.scholarsportal.info/files/pdfs/restricted/DMTI/CanMapCS_2020/Index_CanMap_Content_Suite_v2020_3.xlsx</link>
        </guide>
        <guide>
          <label>CanMap Content Suite - User Manual 2019.3</label>
          <link>http:__maps.scholarsportal.info/files/pdfs/restricted/DMTI/CanMapCS_2019/UserManual_CanMap_Content_Suite_v2019_3.pdf</link>
        </guide>
        <guide>
          <label>CanMap Content Suite - Release Notes 2019.3</label>
          <link>http:__maps.scholarsportal.info/files/pdfs/restricted/DMTI/CanMapCS_2019/CanMap_Content_Suite_ReleaseNotes_v2019_3.txt</link>
        </guide>
        <guide>
          <label>CanMap Content Suite - Data Dictionary 2019.3</label>
          <link>http:__maps.scholarsportal.info/files/pdfs/restricted/DMTI/CanMapCS_2019/Data_Dictionary_CanMap_Content_Suite_v2019_3.pdf</link>
        </guide>
        <guide>
          <label>CanMap Content Suite - FAQ and Support 2019.3</label>
          <link>http:__maps.scholarsportal.info/files/pdfs/restricted/DMTI/CanMapCS_2019/FAQ_and_Support_CanMap_Content_Suite_v2019_3.pdf</link>
        </guide>
        <guide>
          <label>CanMap Content Suite - Index 2019.3</label>
          <link>http:__maps.scholarsportal.info/files/pdfs/restricted/DMTI/CanMapCS_2019/Index_CanMap_Content_Suite_v2019_3.xlsx</link>
        </guide>
        <guide>
          <label>CanMap Content Suite - User Manual 2018.3</label>
          <link>http:__maps.scholarsportal.info/files/pdfs/restricted/DMTI/CanMapCS_2018/UserManual_CanMap_Content_Suite_v2018_3.pdf</link>
        </guide>
        <guide>
          <label>CanMap Content Suite - Release Notes 2018.3</label>
          <link>http:__maps.scholarsportal.info/files/pdfs/restricted/DMTI/CanMapCS_2018/CanMap_Content_Suite_ReleaseNotes_v2018_3.txt</link>
        </guide>
        <guide>
          <label>CanMap Content Suite - Data Dictionary 2018.3</label>
          <link>http:__maps.scholarsportal.info/files/pdfs/restricted/DMTI/CanMapCS_2018/Data_Dictionary_CanMap_Content_Suite_v2018_3.pdf</link>
        </guide>
        <guide>
          <label>CanMap Content Suite - FAQ and Support 2018.3</label>
          <link>http:__maps.scholarsportal.info/files/pdfs/restricted/DMTI/CanMapCS_2018/FAQ_and_Support_CanMap_Content_Suite_v2018_3.pdf</link>
        </guide>
        <guide>
          <label>CanMap Content Suite - Index 2018.3</label>
          <link>http:__maps.scholarsportal.info/files/pdfs/restricted/DMTI/CanMapCS_2018/Index_CanMap_Content_Suite_v2018_3.xlsx</link>
        </guide>
        <guide>
          <label>CanMap Content Suite - User Manual 2017.3</label>
          <link>http:__maps.scholarsportal.info/files/pdfs/restricted/DMTI/CanMapCS_2017/UserManual_CanMap_Content_Suite_v2017_3.pdf</link>
        </guide>
        <guide>
          <label>CanMap Content Suite - Release Notes 2017.3</label>
          <link>http:__maps.scholarsportal.info/files/pdfs/restricted/DMTI/CanMapCS_2017/CanMap_Content_Suite_ReleaseNotes_v2017_3.txt</link>
        </guide>
        <guide>
          <label>CanMap Content Suite - Data Dictionary 2017.3</label>
          <link>http:__maps.scholarsportal.info/files/pdfs/restricted/DMTI/CanMapCS_2017/Data_Dictionary_CanMap_Content_Suite_v2017_3.pdf</link>
        </guide>
        <guide>
          <label>CanMap Content Suite - FAQ and Support 2017.3</label>
          <link>http:__maps.scholarsportal.info/files/pdfs/restricted/DMTI/CanMapCS_2017/FAQ_and_Support_CanMap_Content_Suite_v2017_3.pdf</link>
        </guide>
        <guide>
          <label>CanMap Content Suite - Index 2017.3</label>
          <link>http:__maps.scholarsportal.info/files/pdfs/restricted/DMTI/CanMapCS_2017/Index_CanMap_Content_Suite_v2017_3.xlsx</link>
        </guide>
        <guide>
          <label>CanMap Content Suite - User Manual 2016.3</label>
          <link>http:__maps.scholarsportal.info/files/pdfs/restricted/DMTI/CanMapCS_2016/UserManual_CanMap_Content_Suite_v2016_3.pdf</link>
        </guide>
        <guide>
          <label>CanMap Content Suite - Release Notes 2016.3</label>
          <link>http:__maps.scholarsportal.info/files/pdfs/restricted/DMTI/CanMapCS_2016/CanMap_Content_Suite_ReleaseNotes_v2016_3.txt</link>
        </guide>
        <guide>
          <label>CanMap Content Suite - Data Dictionary 2016.3</label>
          <link>http:__maps.scholarsportal.info/files/pdfs/restricted/DMTI/CanMapCS_2016/Data_Dictionary_CanMap_Content_Suite_v2016_3.pdf</link>
        </guide>
        <guide>
          <label>CanMap Content Suite - FAQ and Support 2016.3</label>
          <link>http:__maps.scholarsportal.info/files/pdfs/restricted/DMTI/CanMapCS_2016/FAQ_and_Support_CanMap_Content_Suite_v2016_3.pdf</link>
        </guide>
        <guide>
          <label>CanMap Content Suite - Index 2016.3</label>
          <link>http:__maps.scholarsportal.info/files/pdfs/restricted/DMTI/CanMapCS_2016/Index_CanMap_Content_Suite_v2016_3.xlsx</link>
        </guide>
        <guide>
          <label>CanMap Content Suite - User Manual 2015.3</label>
          <link>http:__maps.scholarsportal.info/files/pdfs/restricted/DMTI/CanMapCS_2015/UserManual_CanMap_Content_Suite_v2015_3.pdf</link>
        </guide>
        <guide>
          <label>CanMap Content Suite - Release Notes 2015.3</label>
          <link>http:__maps.scholarsportal.info/files/pdfs/restricted/DMTI/CanMapCS_2015/CanMap_Content_Suite_ReleaseNotes_v2015_3.txt</link>
        </guide>
        <guide>
          <label>CanMap Content Suite - Data Dictionary 2015.3</label>
          <link>http:__maps.scholarsportal.info/files/pdfs/restricted/DMTI/CanMapCS_2015/Data_Dictionary_CanMap_Content_Suite_v2015_3.pdf</link>
        </guide>
        <guide>
          <label>CanMap Content Suite - FAQ and Support 2015.3</label>
          <link>http:__maps.scholarsportal.info/files/pdfs/restricted/DMTI/CanMapCS_2015/FAQ_and_Support_CanMap_Content_Suite_v2015_3.pdf</link>
        </guide>
        <guide>
          <label>CanMap Content Suite - Index 2015.3</label>
          <link>http:__maps.scholarsportal.info/files/pdfs/restricted/DMTI/CanMapCS_2015/Index_CanMap_Content_Suite_v2015_3.xlsx</link>
        </guide>
        </userguides>
      <externalguides/>
      <holdings/>
      <notdownloadable>0</notdownloadable>
      <notqueryable>0</notqueryable>
    <theme-keyword-cst>Schools</theme-keyword-cst><theme-keyword-cst>École</theme-keyword-cst><theme-keyword-cst>Colleges</theme-keyword-cst><theme-keyword-cst>Collège</theme-keyword-cst><theme-keyword-cst>Universities</theme-keyword-cst><theme-keyword-cst>Université</theme-keyword-cst><theme-keyword-cst>Education</theme-keyword-cst><theme-keyword-cst>Éducation / Enseignement</theme-keyword-cst><theme-keyword>High Schools</theme-keyword><theme-keyword>Middle Schools</theme-keyword><theme-keyword>Elementary Schools</theme-keyword><theme-keyword>Teaching Facilities</theme-keyword><theme-keyword>Public Schools</theme-keyword></sp:sp-custom>
  </gmd:MD_Metadata>
